"","text","score","klasifikasi"
"1","my husband just told me he has a crush on someone he met at work he s worked from home since march   ",1,"Positif"
"2","i work from home so that s all i do  ",1,"Positif"
"5","valentine s day gifts for couples who work from home together",1,"Positif"
"6","yeah i work from home",1,"Positif"
"7","when i got home from work my mom asked if i heard what happened and i said yeah and then she mentioned ",1,"Positif"
"8","people applied to the state of hawaii s remote work program people applied to get a free trip to hawai i to wor ",2,"Positif"
"13","not well he hasn t been inside a classroom for almost a year he goes to a day camp for distance lea ",1,"Positif"
"16","i watched it again when i got home from work",1,"Positif"
"18","stop staring at the clock every day it s time for a new career follow us to view jobs with titles like lead prod ",2,"Positif"
"19","every time i come home early from work the first thing both of my parents say is oh my god did you get fired  ",1,"Positif"
"23","he bounces like he s been waiting at the door for a glimpse of you coming home from work",2,"Positif"
"27","i came home from work to find my wife bought me this   ",1,"Positif"
"29","hey yall so i m building up ig so i can work from home and i have my first paid post and it s a big deal to me lol so ",1,"Positif"
"30","does this job require you to work from home ask people ss name address birthdate phone number and t ",1,"Positif"
"31","discover the best remote jobs to work from home   ",2,"Positif"
"33","i hate that on days i don t work i make dinner for everyone so no one comes home from work hungry but on days that ",1,"Positif"
"34","they absolutely should not get the fuckin vaccine if you work from home first while most are out here e ",1,"Positif"
"35","learning lessons from lockdown  and staying at home work studies  at this point i assume once net neutrality comes into law a ",1,"Positif"
"36","work from home",1,"Positif"
"40","i m tipsy too ending the virtual work from home day and my glasses are off  much love everyone  ",2,"Positif"
"41","he s so cool tho i came to work with a headache and i told him to go home i m good for the rest of the night he ",2,"Positif"
"43","don t allow corona virus stop you from working you can still work from home and make good income for you ",1,"Positif"
"44","the moment i get home from work     ",1,"Positif"
"45","me to me everyday on my way home from work     ",1,"Positif"
"46","don t allow corona virus stop you from working you can still work from home and make good income for yourself and y ",1,"Positif"
"47","don t allow corona virus stop you from working you can still work from home and make good income for your ",1,"Positif"
"48","development is a great field to work in for many reasons but one of my favourites is that you can literally work from anywh ",3,"Positif"
"50","good i am a big fan of joshuas and think this additio ",1,"Positif"
"51","i work from home on a laptop with a touchscreen and aggressively affectionate cats so yeah learne ",2,"Positif"
"52","faster maxbit internet speeds make it possible for staff to work from home while on business or sales trips or fr ",2,"Positif"
"53","don t allow corona virus stop you from working you can still work from home and make good income for yourself ",1,"Positif"
"56","there s a package waiting on me literally everyday when i come home from work lol",1,"Positif"
"57","wanted to go for a run but it started raining on the way home from work so i m just gonna take that as a sign from god not to     ",1,"Positif"
"58","i ve spent my phd learning what turns out to be work from home friendly science i also incessantly keep notes amp links   s ",1,"Positif"
"59","the head of yahoo installing a nursery in her office while telling all the other working parents that they can t work from hom ",1,"Positif"
"60","when my your man texts you for your food order as he s on his way home from work gt gt gt gt gt gt gt gt gt gt gt gt gt gt gt gt gt gt gt gt gt gt gt gt gt gt gt gt gt",1,"Positif"
"63","no stream tonight i barley got any sleep last night and i m definitely feeling it will be pretty much heading str ",1,"Positif"
"65","the management at work are just ace the gm told us all that because we might be feeling down through these difficu ",1,"Positif"
"66","hmu if you looking for a job hr ot customer service financial rep it s work from home till june then bacc in office ",1,"Positif"
"69","i have been work since am i am currently an hour away from being home and i already only have hours until i ",1,"Positif"
"70","you know there are people that can now work from home and last year in lockdown flew out to the caribb ",1,"Positif"
"73","let me get this straight   mps earn k a year get subsidised food amp drinks at work can put their mortgage on their ",1,"Positif"
"76","my wife and i both work from home as do many of our neighbors those that don t home school their children or are ",1,"Positif"
"78","i have friends in the banking industry some are saying the competitors are offering permanent work fro ",1,"Positif"
"80","as we continue to work from home you may be finding it difficult to perfect your work life balance   here are some things ",2,"Positif"
"82","just buy the twats a bag of toy cars and let them work from home",1,"Positif"
"83","this is progress but for the people at home i hear from every day the work isn t done until the shot is in their arm w ",2,"Positif"
"84","   stay at home protect the nhs save lives      please follow government advice only travel for work if you cannot work ",3,"Positif"
"86","hello welcome home from work thank you for joining us we need to fund this incredible project please and thank you",5,"Positif"
"87","this was waiting for me when i got home from work",1,"Positif"
"88","assemble it now for all our sakes so we can all go back to the office i say as i work at a hospital ",1,"Positif"
"89","compared to the first this one was so easy finished in an hour on my commute home from work  ",2,"Positif"
"90","here in northwest pa it s pouring rain amp going down to the s overnight glad i work from home",2,"Positif"
"91","freelance recruiter   work from home   girls   female only",1,"Positif"
"92","yeah i edited the game was saving bc my bf got home from work and we were gonna play some cod for ",1,"Positif"
"94","when my dad would come home from work i knew i had to get my ass up from his chair     ",1,"Positif"
"96","do you remember when commercial property owner s gameshow host hologram and anthropomorphic oil slick richard tice  ",1,"Positif"
"98","when we buy products we help strengthen our economy and create jobs at home i applaud president biden s ",1,"Positif"
"99","it took me an hour amp a half to get home when my usual commute from work is min dallas me please",1,"Positif"
"101","continue to work from home hybrid working happy working day to you all   ",2,"Positif"
"102","and in the mean time there is not enough bandwidth to effectively work from home in rural areas just outside of ottawa",3,"Positif"
"103","why do my cats just sleep all day    like helllo i m home from work don t you miss me   ",1,"Positif"
"104","work from home day   ",1,"Positif"
"107","sweeeet i get to work from home the rest of the week thank you otitis media fever and covid rules",1,"Positif"
"108","even when rangers were cup contenders and knicks couldn t buy a win   finding them on the radio ",1,"Positif"
"109","came home from work and shoveled the driveway now i m hopping in the shower stream next tweet   ",1,"Positif"
"110","i just got fry sauce all over my work desk why did anyone let me work from home",2,"Positif"
"111","how to make the return home from work even better",2,"Positif"
"112","during a pandemic just changed how they bill for wifi we re forced to work and do school work from home a ",2,"Positif"
"113","furlough money i m all right jack and many of the middle classes who voted for him will be able to w ",1,"Positif"
"116","i m ready to come home from work to a home cooked meal and my babe just gotta find one",2,"Positif"
"117","work from home     ",1,"Positif"
"118","wife brought home food for kids from there last night after work i ll have to tap into one of those soon been a while",1,"Positif"
"119","masks are so great literally no one on the subway could tell i was bawling my fucking face off on the way home from work tonight yay",2,"Positif"
"120","boutta start making beats every night i get home from work just for fun",2,"Positif"
"123","i love it when it s snowing on my way home from work not   ",2,"Positif"
"124","my work from home posture has me like",2,"Positif"
"127","be super grateful right now to i the educators who work extra hard to educate the next generation ii the essential work ",4,"Positif"
"128","check out  s home work outs   ",1,"Positif"
"130","list while you work from home",1,"Positif"
"131","came home from work amp met my room clean amp my bf laying in my bed    ",2,"Positif"
"132","okokok time to go work out and then make dinner so kat can have dinner when shes home from wrok sooon",1,"Positif"
"136","i reply to all my good morning texts at night when i get home from work",2,"Positif"
"138","anyway does my best friend want to get home from work already and pay fucking attention to me   ",1,"Positif"
"139","just got home from work and this dolph pumping me up for the gym",1,"Positif"
"141","i might have something like that i ll need to check on my bits box when i get home from work though",2,"Positif"
"142","just got home from work and yeah i ll give it a go       helping couple people out      ",2,"Positif"
"143","     i havent even had a chance to listen to the album yet i just got home from work",1,"Positif"
"145","australia the tribez retweet to win food poisoning air vehicles fart okcupid work from home facebook went filet mignon c ",2,"Positif"
"146","i know the left leaning work from home wonks are all really proud of themselves for supporting a minimum wage in but ",3,"Positif"
"147","oh now it s not working to work from home mmmkay",1,"Positif"
"148","i get home from work around like if you want me in for the later sets",2,"Positif"
"150","people applied to the state of hawaii s remote work program people applied to get a free trip to haw ",2,"Positif"
"151","fifth harmony ty dolla ign work from home feat ty dolla ign",3,"Positif"
"155","what i don t understand is how work from home by fifth harmony didn t go number one through all of this",2,"Positif"
"156","got home from work saw it was and took a jog here here good sir",2,"Positif"
"157","first work from home now wait in line at home",1,"Positif"
"158","hiii and would love to hear by on i d be jamming lik ",1,"Positif"
"159","or be like hey here is x amount of money from this date to this date we are all quarantining noth ",1,"Positif"
"160","i have to work overtime again but genuinely don t have the resilience to do it at the office so work from home party tonight for me",2,"Positif"
"161","in other news my boyfriend is coming home from work today with my shein order   ",1,"Positif"
"163","a we work from home and so does my mom so we will watch the game with her     ",1,"Positif"
"164","got home at about am this morning from work i get at least the next days off work with pay and a covid test n ",2,"Positif"
"166","decided to pick up a booster pack on the way home from work at target i am glad i did one pack magic",3,"Positif"
"167","work from home data entry jobs part time jobs online jobs data entry work from home jobs typing job",2,"Positif"
"168","a therapist i worked with opted to continue to work after giving birth prematurely so she could save ",2,"Positif"
"169","between work and school guess how many assignments i got done today working from home",1,"Positif"
"170","how was stokoe hours late for work today when he works from home   ",2,"Positif"
"171","they have zero exposure they are fully paid to work from home you cannot be ",1,"Positif"
"173","i seriously came home from work and decided to shovel all the parking spots in front of our town house and for what",1,"Positif"
"174","still available   work it x and postcard johnny ten hendery jisung group    s ten yangyang  from home taeil haechan chenle",2,"Positif"
"179","lol it was not my finest moment    thank goodness i work from home since covid the raccoon look is not ",4,"Positif"
"182","y all stay home from work when it snows but don t stay away from the club in a pandemic",1,"Positif"
"183","my job ain t letting us work from home and i don t like that       ",2,"Positif"
"184","hey yall so i m building up ig so i can work from home and i have my first paid post and it s a big deal to me lol ",1,"Positif"
"186","work amp school from home is actually a blessing",2,"Positif"
"187","literally me school counselling from home was the best for that reason being back at work and commuting ",2,"Positif"
"188","the moon shining bright over downtown winnipeg on my way home from work today",2,"Positif"
"190","thank god i work sort of kinda from home family owned business so it s just a walk out to another s ",2,"Positif"
"191","work from home for the firstime this is firstime i experienced self quarantine after coming into close contact wi ",1,"Positif"
"192","coming home from work amp cooking dinner feeling like a whole assss se ora",2,"Positif"
"195","dog walks work from home pho hong with honestly a pretty perfect birthday",3,"Positif"
"196","oh wfh work out from home",1,"Positif"
"197","yeah i ll try i m working from home but still some people work at am like if i would answer the ",2,"Positif"
"200","pot holders custom kitchen gifts kitchen linen buffalo check work from home marshmellows cooking housewarmin ",1,"Positif"
"201","awesome just got back home from work getting myself ready for that code   ",3,"Positif"
"202","me we would like to work from home my boss",2,"Positif"
"206","waiting for my boyfriend to get home from work when i haven t seen him in a min i get how pups feel now lol           ",1,"Positif"
"208","wait until they figure out that not only can they save money by having people do the work from home and ",1,"Positif"
"209","if i had somewhere to run to permanent work from home etc then i d take it otherwise where are they ",1,"Positif"
"210","the voice to text thing was somehow left on and transcribed me in a text message pretty perfectly captures my work from ho ",3,"Positif"
"212","ive been doing so much better at history and english lang lit ever since we had to do work from home uh",2,"Positif"
"213","microsoft shares surge to new high on work from home revenue boost  ",2,"Positif"
"214","the solution when the pandemic lifts are local offices where work from home workers can congregate get tech supp ",1,"Positif"
"215","my casual typewriter is in my campus office        clearly i m failing at work from home",1,"Positif"
"216","be super grateful right now to i the educators who work extra hard to educate the next generation ii the essenti ",3,"Positif"
"217","an hour work from home with benefits amp bonuses      that s the kinda shit i like to hear      ",3,"Positif"
"218","one positive from the pandemic is that we got a home gym and it is ideal i can work out in silence without talking ",3,"Positif"
"220","cw food poultry   love crockpot cooking came home from work to perfectly cooked chicken breasts added a left ",3,"Positif"
"222","that work from home life allows you to dress like the pros not a bad gig haha",2,"Positif"
"223","shares surge to new high on work from home revenue boost is now trending on",2,"Positif"
"225","i m glad charlie was able to get the week off from work and glad he ll be able to return next week so won t miss mu ",3,"Positif"
"226","because i work from home of course ima be in the house",1,"Positif"
"228","s day gifts for couples who work from home together",1,"Positif"
"229","y all my wife would always say moms home when i got back from work so that s what my son would call me  moms home  ",1,"Positif"
"230","strategies for a healthy work life balance when you",2,"Positif"
"231","this is the answer being paraded from above after almost a full year of politicians pretending to work at ",1,"Positif"
"232","new bride new monogram and no one wears it better than kristel she is sporting her soon to be ne ",1,"Positif"
"234","mogget is adjusting to the work from home life quite nicely why do you ask",2,"Positif"
"235","i m just nice and i work from home so i can t really check my tone of voice anywhere",2,"Positif"
"236","yes a genuine  influencer  would work harder to create new and original content from the safe ",3,"Positif"
"238","a black camaro pulled up on me today when i was drivin home from work there was like girls in this door ",2,"Positif"
"239","analysts expect apple to grow this year as work from home activities boost sales to mac",2,"Positif"
"240","just made it home from work let me start cleaning up",1,"Positif"
"241","everyone on ssdi should have been prioritized for vaccines before fit year olds who work from home for figures but what do i know",1,"Positif"
"242","it s really remarkable that got four guys from outside the picture into the usmnt in one pandemic trun ",1,"Positif"
"243","moral of the story if you want to become a tech billionaire don t work from your home move into your garage",1,"Positif"
"244","in the present day you re able to connect with so many exceptional potential buyers fascinated with your main work ",2,"Positif"
"245","isn t work from home great   ",2,"Positif"
"246","how s everybody doing working from home i ve been thinking of ways i can balance work and life while living in a s ",1,"Positif"
"248","you are modelling that the privileged can go out for nonessential reasons on a photo op trip to the airport in ",1,"Positif"
"249","not my car sliding all the way home from work       ",1,"Positif"
"250","just got home from work",1,"Positif"
"251","since my wife and i work from home my creative place hasn t changed in years it s taken tim ",2,"Positif"
"252","the hardest part about moving during this pandemic is establishing good  work from home  routine it takes a solid ",3,"Positif"
"253","australia the tribez retweet to win food poisoning air vehicles fart okcupid work from home facebook went filet mi ",2,"Positif"
"255","i love it as long as i don t have to drive in it fill up the bird squirrel feeders make ",1,"Positif"
"256","my good friend who is an iranian asylum seeker has now been waiting on his  subsistence only  allowanc ",1,"Positif"
"257","ben bartlett serving some work from home parent on zoom realness in the",1,"Positif"
"259","we homeschool and i work from home so we ve had a much easier time than most my yo daughter is re ",2,"Positif"
"260","yes i am lucky in a lot of ways can work from home remain employed have avoided covid but ev ",2,"Positif"
"261","when baby comes home from work   ",1,"Positif"
"262","at work  when i get home i m going to accomplish so much   home from work  i m going to accomplish half a thing   currently sips wine",4,"Positif"
"263","do people really come home from work and are like not greeted by a dog",2,"Positif"
"264","roomie gonna sleep all day tomorrow  me coming home from an exhausting day at work with eight more to go before ",1,"Positif"
"265","cybereason offers a new take on protecting all those work from home laptops and phones",1,"Positif"
"266","dear pals today i m helping my mum work from home    and i think you will all agree i m doing a really good job     paw wa ",3,"Positif"
"268","work from home admin for a homeschooling group drives hrs and gets covid vax in a county they don t live in bc  s ",1,"Positif"
"270","to put a fine point on it work from home and miserably try to juggle work and supervising school is going to stop being an ",2,"Positif"
"271","i work from home so i gotta get out the house at night most of the time",1,"Positif"
"272","work from home with this doggo     ",1,"Positif"
"273","   daughter kept me up from when i got home from work around am to am slept till noon  ",1,"Positif"
"274","on my way to work from home lol crosswinds tagaytay",1,"Positif"
"275","yakuza mom is almost done with work then i ll try to gather my thoughts into a twitlonger when i get home   i go ",1,"Positif"
"277","orang suruh work from home korang buat le tour de langkawi   work from home is not annual leave you should alwa ",2,"Positif"
"281","wife  honey please don t forget to buy bread when you re coming home from work and lest i forget your girlfriend chi ",1,"Positif"
"283","i got a fucking raise for my work performance last year i worked full time from home while parenting a toddler ful ",1,"Positif"
"284","ohhhh yeah we re lucky lmao it s the best thing to get home from work make dinner and watch star wars",3,"Positif"
"285","hi guys do you work from home i sell tables suitable for your work station  the office table is ft by ft by in with ",3,"Positif"
"287","i only have one charger and my phone takes priority but i need music on the way home from work",1,"Positif"
"288","top tips to work from home",2,"Positif"
"289","going directly home from a long day of work driving slow as well",1,"Positif"
"290","na i just got home from work like an hour ago it s all gravy baby",2,"Positif"
"291","wow microsoft reports revenue growth hasil dari lonjakan cloud business ramai sangat ni work from home",1,"Positif"
"292","that s why i try to get dressed even though i work from home i almost answers door in undies a few times",1,"Positif"
"293","i love getting home from work only to clock in at my second job which is apparently being my kid s bitch",1,"Positif"
"294","what a relief si dang gets to remain at home with his family amp community but much work needs to be done in making sure si  ",2,"Positif"
"295","fantastic well deserved too   seeing as we all work from home it is lovely and makes you feel bet ",4,"Positif"
"296","slept all day and stayed home from work also ordered a new phone tracking said new phone was delivered no phone ",1,"Positif"
"297","tomorrow is wednesday which means i will only have more days to work from home    i m sad because i just love it here",1,"Positif"
"298","dudes who ve been working from home since march but still traveling across the country be like  lol i don t know ho ",1,"Positif"
"299","working from home has been the hardest part of transitioning to my first dev role we work on client provided compu ",1,"Positif"
"301"," job duck is a company that hires virtual assistants to work from home full time for u s based companies     not ",1,"Positif"
"302","learning lessons from lockdown  and staying at home work studies  at this point i assume once net neutrality comes ",1,"Positif"
"303","privacy teams helped navigate the pivot to work from home",2,"Positif"
"304","osiel waited for me to come home from work to nap like does he not know i can t ever nap after work even when i sa ",3,"Positif"
"306","my dad used to tape it off and would watch it in the afternoon when he was off work i came home from school one d ",1,"Positif"
"309","also known as best work from home lunches",2,"Positif"
"310","a man hit on me at my job today  i work from home",1,"Positif"
"314","work from home data entry work from home jobs online jobs data entry jobs part time jobs typing job",2,"Positif"
"315","aight i ll download it when i get home from work send me your inv",1,"Positif"
"317","not yet i haven t made it home from work yet i m on my way now i had to stop by the drug store for ",1,"Positif"
"318","question does someone get a snow day off of work if they have been working from home since march",1,"Positif"
"321","excitement is brewing at interchange hq as we slowly return to the office we ve got our covid safe plan physical ",1,"Positif"
"322","fascinating look into how companies have embraced not just work from home but work from anywhere",3,"Positif"
"323","the look on my boys face when i get home from work is the best feeling ever   ",2,"Positif"
"324","same here ever since starting work from home",1,"Positif"
"325","does anyone else get home from work and just sit in a chair for what feels like hours only to realize its been like minutes",3,"Positif"
"326","a guide to everything you need to work from home according to product reviewers",1,"Positif"
"328","from home chenle work it johnny work it ten",2,"Positif"
"329","i work in morris county although largely working from home since march s ",1,"Positif"
"331","weeks of vacation time from work this year how does one take vacation time off when we work from home and can t go anywhere frik",2,"Positif"
"332","don t go to the pub but they re still open  stay at home but the airports are open  work f ",1,"Positif"
"334","y all just got called back we ve been back from jan th      they won t allow us to work from home",2,"Positif"
"336","stop thinking while i m at work of when i can come home from work just to see your bright smile that just brightens ",4,"Positif"
"338","there s a lady i know who is rich but steals food from her work whole cheeses entire bunches of bananas filling ",1,"Positif"
"339","work computer switched off very diffrent working from home this time",1,"Positif"
"340","the sun wasn t even up when you were barely roused from sleep to hawks coming home late from work per usual",1,"Positif"
"341","food    what should i get for dinner on the way home from work",1,"Positif"
"342","i actually don t feel comfortable going back to work i m ok with working from home",2,"Positif"
"345","it took me a whole ass hour to get home from work    didn t even get passed rd gear",1,"Positif"
"346","in didsbury today i saw the brilliant work the and emergency services are doing to defend the area from floodi ",1,"Positif"
"347","i have kept a really strict work life balance all through this work from home era i clock in and i clock out ha ",1,"Positif"
"348","oh grand i get home from work and mum s left the key in the lock and everyone s phones are off am now stuck in the garden with beers",1,"Positif"
"350","i was so excited to find my box waiting for me when i got home from work as i took out the purchases  ",2,"Positif"
"351","sounds like in unessential work that can be done from home",2,"Positif"
"354","my grandkids are doing well on the surface amp hybrid schooling both parents working from hom ",1,"Positif"
"355","i love coming home from work to a clean cozy home my dogs always look forward to seeing me and i love getting to s ",5,"Positif"
"356","claims customer experience journey manager work from home allstate insurance company",1,"Positif"
"357","we unlocked a new work from home with your partner achievement today the significant other overheard a conversation and ask ",3,"Positif"
"358","absolutely love this view every time i head home from work",2,"Positif"
"359","im home from work now hope you re all having a good day night i ll work on videos but post tomorrow",3,"Positif"
"360","we can work from home",1,"Positif"
"361","i m torn between  i really miss snow  and   holy shit it was degrees outside when i got home from work today and that s awesome  ",1,"Positif"
"362","thank you the majority of her family live in multi generational households people are bringing it ",1,"Positif"
"363","but read the headline under s   i m and work from home i d personally be happy to give up my place in ",2,"Positif"
"364","cool lol mine was something that happened irl we got sent home from work bc of lockdown and was la ",2,"Positif"
"365","doves just hits different on the way home from work at night  ",1,"Positif"
"366","there s an interesting privilege dynamic playing out between the self righteous i m going to work from home because i m res ",5,"Positif"
"367","for those of us fortunate to work from home now is the time to refresh your work space with sturdy secondhand furn ",5,"Positif"
"369","work from home but in style",1,"Positif"
"370","i m incredibly grateful to be able to work from home right now but the fact that we re so busy making something tha ",4,"Positif"
"373","for the record i am grateful to have a job let alone one that allows me to work from home i just miss going outsi ",1,"Positif"
"374","i worked right down the hallway from sekou at turner until we all left to work from home last march  ",3,"Positif"
"375","rd week work from home    university brought back freshman students for winter qtr   ",1,"Positif"
"376","oh and the job is work from home answering emails that s literally all i would do",1,"Positif"
"377","come on bro i just at home from work and it s my rest day you couldnt come at me any other day of the week   ",1,"Positif"
"378","the shit that blows me is that no one was home it arrived a day earlier cool and i was on my way from work when ",1,"Positif"
"379","hitting work from today  ",1,"Positif"
"380","i am glad i just found out about this when i got home from work because i dont know if it wouldve been prof ",2,"Positif"
"381","something for your commute home or your move from one end of the couch to the other if you work from home the lates ",1,"Positif"
"382","work a to job that leaves you too tired to do anything when you get home and doesn t pay enough t ",1,"Positif"
"384","my boss called me to congratulate me because over this past year i m the most productive employee   lockdown suits ",2,"Positif"
"387","only got home from work nowww   ",1,"Positif"
"391","work from home homeschool   ",1,"Positif"
"392","impressed with the work local athletic directors and leadership teams have done to get our  fan less  games live st ",2,"Positif"
"393","this isn t as neat as i wanted it to be but i m otherwise pretty happy with the setup i ve installed at ",3,"Positif"
"394","they still got the capitol fenced off and i can t ride down independence to go home from work",1,"Positif"
"395","i work for one of the largest canadian companies in the financial sector and i don t need to spe ",1,"Positif"
"396","i came home from work dinner was cooked my spliff rolled my bath was set my face products and mirror were in my usual ni ",1,"Positif"
"397","fr even especially with living in an apartment it s just like moving really far when this lease is ove ",1,"Positif"
"398","my cat can be such a little shit i wanted to take like an hour nap after i got home from work and ate but she kept ",1,"Positif"
"400","i think most office tenants are going back with the flexibility to work from home days per week",2,"Positif"
"401","the victorious work from home business will need your physical shape find out about this type of fitness approaches",2,"Positif"
"402","stay home one day from work my mom be roasting my ass about everything   my weight  college  the gym  how i can t c ",1,"Positif"
"406","i know the left leaning work from home wonks are all really proud of themselves for supporting a minimum wage i ",3,"Positif"
"407"," i ve been providing free workouts on my instagram  is not reason to travel internationally  for work  du ",2,"Positif"
"408","yet millions and millions of people go to work every single day that dont have the privilege to work fro ",3,"Positif"
"409","yes my children have been going full times days a week since august in the awesome state of s ",1,"Positif"
"410","i have stayed home since th to this th   am thankful that there were foods and supplies coming i still have tv ",1,"Positif"
"412","soooo its gunna snow tomm amp i know we all work from home now but like can we get a snow day still or nahhh",2,"Positif"
"414","i didn t want to buy the truth or drink game bc i didn t think i d use it enough so he handmade the whole game and ",1,"Positif"
"415","i have masters degree from a us university yrs work exp months ago i was working on cutting edge tech on a dream pr ",2,"Positif"
"417","this week i am working at home but from tuesday i go back to work for days a week and let s see when i can return full time to work",2,"Positif"
"418","not sure why it s not posted i rely on the ferry system to get to and come home from work i ha ",1,"Positif"
"419","home from work  time to relax  she in the other room cooking   she never has to know        onlyfans emmazing",1,"Positif"
"420","home monitoring is being used to help those with mild cognitive impairment stay in their homes safely amp for longer for ",1,"Positif"
"421","how do people work a full day and then go home to a family like you re tired from a long day you have to cook cl ",1,"Positif"
"422","excellent hopefully i can work from home til it s completed",2,"Positif"
"423","these items make great gifts for friends who love writing or who work from home or for yourself   read the full article gif ",3,"Positif"
"424","take the wheel as a automotive claims adjuster hr benefits work from home in fl learn more about ",2,"Positif"
"425","and hey times are tough for a lot of people but that s months of work in a pandemic in a job that doesn t let ",2,"Positif"
"426","darn omw home from work so ill be missing this one",1,"Positif"
"428","malaysia hire workers from oversea under the harshest employment rules they are made to work hrs a day they ea ",1,"Positif"
"430","i now thinking bout all the single parent households that won t be able to work from home",2,"Positif"
"431","some kids do follow quarantine and do school work at home away from friends others here dont care they go out on ",1,"Positif"
"433","this is a great idea especially for those having to work from home thanks lauren   ",2,"Positif"
"435","what a nice surprise someone cleaned my driveway before i got home from work tonight thank you so much also a ni ",3,"Positif"
"436","desktop virtualization is trending in the work from home world but could also present network capacity challenges  ",1,"Positif"
"438","i literally played this on the way home from work",1,"Positif"
"439","your welcome to wait for something better tell that to the exhausted medic ",1,"Positif"
"440","these items make great gifts for friends who love writing or who work from home or for yourself   read the full art ",3,"Positif"
"441","virtual events planner work from home coordinator and other careers that a work expert predicts will be in demand this deca ",2,"Positif"
"443","still of young gamers who work from home   ",1,"Positif"
"444","lol me seeing everglow by myself days before my work went to indefinite work from home",2,"Positif"
"445","finally got the tracking info my dpd guy is usually here around pm it ll be waiting on me getting home from work",1,"Positif"
"446","first thing i do when i get home from work is get out them damn uniform clothes then take me a hot bath roll me blunts  ",1,"Positif"
"451","does anyone have some recs on a good office chair to work in from home i need something comfy     ",3,"Positif"
"453","there may also be a good number of office jobs that continue at least in part as work from home",2,"Positif"
"457","act fast new text amp email work from home job",2,"Positif"
"458","my wife and her manager work in the hr deptt of a f ",1,"Positif"
"459","helpful article from the law society in my email inbox today on working from home with children apparently you have to tell ",1,"Positif"
"461","when you rush home from work to take a nice relaxing blistering hot shower amp someone else used up all the doggone hot water     ",3,"Positif"
"462","that feeling you get when you get home from work and stretch out on your bed and take your socks off it one of thee ",1,"Positif"
"464","courts encouraging ppl to work from home and take off an item that they ll actually be paying of the cash pric ",2,"Positif"
"465","our library can get microfilm for us there are a few portable readers but they re usually always checked ",1,"Positif"
"466","welcome to the twilight zone where students are told to stay home and all k and cluster teachers are told to w ",1,"Positif"
"467","now that i m home from work i can finally watch the reveal for real",1,"Positif"
"468","im thankful asf i can work from home",2,"Positif"
"469","senior required  competitive salary    we offer a substantial and achievable bonus the opportunity to wo ",3,"Positif"
"471","youre quite lucky that you can afford to just go without an income coming in and stay home a ",2,"Positif"
"473","i was enjoying the view of mt baker on my way home from work",2,"Positif"
"474","my moms work is stupid my mom cant work from home even tho she has dr notes one from my bro heart dr and one from ",1,"Positif"
"475","i remember as a kid i would take a metal panel my dad brought home from work ",1,"Positif"
"476","is awesome as always   my dasher on the other hand    didn t follow my instructions and ",1,"Positif"
"477","today s work from home outfit   bespoke light gray flannel three piece suit   white blue striped ralph lauren win ",2,"Positif"
"478","oh the co op thing lol so it s a work from home thing",1,"Positif"
"479","hoping for a snow day like they wouldn t make me work from home instead   ",2,"Positif"
"480","i got home from work and did it",1,"Positif"
"482","job especially the medical and care workers the gov has stepped up to support all many can work effective ",3,"Positif"
"484","microsoft shares surge to new high on work from home revenue boost",2,"Positif"
"485","went to work with one of my videos sitting at around views and likes get home from work to see it at over  ",3,"Positif"
"488","i really walked home from work last night hr and mins and felt super good about it so guess what i did today  ",3,"Positif"
"489","exactly people would be willing to commute further if they work from hom ",2,"Positif"
"490","i think she changed shirts from coming home from work",1,"Positif"
"491","i m a writer and i can t even form a functional sentence in my current work after months of being ",1,"Positif"
"492","did something different with my hair today and i felt cute i come home from work and my husband says  god what hap ",2,"Positif"
"493","come home from work and get right to work on my laptop by any means for this degree       ",3,"Positif"
"495","they will send you out to work your kids to school in but they work from home whilst others mix with s",2,"Positif"
"497","we unlocked a new work from home with your partner achievement today the significant other overheard a conversatio ",3,"Positif"
"500","finally i made it home from work",1,"Positif"
"502","open po nct make a wish from home s love work it md postcard photoset smartphone deco trading card lugg ",2,"Positif"
"503","counting down the days till i get to work from home   ",1,"Positif"
"505","got my first shot today i am a healthcare worker who cannot work from home so bet mn i qualify       ",2,"Positif"
"506","you ever come home from work and get to baked that you pull off your zip up hoodie asking for a friend",1,"Positif"
"507","when you have no face mask cream left at home a snapchat filter is the next best thing right nope lol     this gal ",2,"Positif"
"508","my coworker said she s gonna buy flowers for her wife on the way home from work and i just         ",1,"Positif"
"511","i want another job any work from home jobs where i can travel with a laptop i have one now but it s two deskt ",1,"Positif"
"513","moved to the front of the line and told there are no vaccines available  also it is completely in ",1,"Positif"
"514","just got home from work and i ll be live at pm cst",1,"Positif"
"515","looks like i m walking home from work",2,"Positif"
"516","nss open preorder nct make a wish from home s love work it md postcard photoset smartphone deco trading c ",2,"Positif"
"517","i think in season two the updates will be bigger plus rare are having to work from home ",1,"Positif"
"520","ok nd day of ring fit adventure my legs are s o r e thank god i work from home",2,"Positif"
"522","another safe drive home from work drive safe man i watched people die today",2,"Positif"
"526","ordered grubhub forgot to change the address from work to home used to option to message driver hope he gets   ",1,"Positif"
"529","new suburban homes in the area built with a separate office to work from home pretty smart that price though",3,"Positif"
"530","nct make a wish from home s love work it md postcard photoset smartphone deco trading card luggage sticke ",2,"Positif"
"531","since work from home shows no sign of going away soon we could all use some supercharging tips to make the most of ",1,"Positif"
"532","from home s love work it",2,"Positif"
"533","yuta from home and work it",1,"Positif"
"536","work it from home pls",1,"Positif"
"537","bro i swear my plants do this if i forget to say hi to them when i come home from work",1,"Positif"
"539","there is nothing more attractive than your man coming home from work dirty in boots you cannot change my mind either   ",1,"Positif"
"540","work from home workers on full pay doing home improvements whilst those that lost their jobs furloughed ",1,"Positif"
"541","just occurred to me working from home means no snow days off from work    ",1,"Positif"
"542","yuta work it sungchan and from home please",1,"Positif"
"543","work it johnny from home yuta doyoung group",1,"Positif"
"544","getting home from work like",2,"Positif"
"545","i ve learnt the hard way not to remotely update the smart home server from work",1,"Positif"
"547","school here s your homework me ugh at least i won t have homework when i m out  boss here s your laptop to work ",1,"Positif"
"549","supreme court seeks biden doj views on work from home taxes",2,"Positif"
"552","interesting ruling from unfair dismissal compensation for worker not allowed to work from home during pandemic  ",2,"Positif"
"553","we did indeed i started early enough that i had a few months working on it like normal but many ",2,"Positif"
"554","super excited to go home from work and not have running water    truly cannot wait to move",3,"Positif"
"555","i just got home from work and we are up i love that great to have you back bob   ",3,"Positif"
"556","eh i ve just come home from work must ve got hacked  ",1,"Positif"
"558","an hour get home from work   ",1,"Positif"
"559","my laptop fried last night when i got off to work and my fil came home from work today with a brand new one for me ",1,"Positif"
"560","even with love it hasn t been easy trying to coach teach one nd grader has been so difficult fo ",1,"Positif"
"562","storming outside new mattress half day work working from home wtf we do to deserve this",1,"Positif"
"564","there is nothing more attractive than your man coming home from work dirty in boots you cannot change my mind eith ",1,"Positif"
"565","it s really scary and we re super lucky my husband and i can and do work from home and both girl ",2,"Positif"
"567","to some degree remote work looks to be a part of future   survey of gt c level executives amp senior public ",1,"Positif"
"568","if your supervisor won t leave you alone during this new work from home scheme tell their supervisor because they ",2,"Positif"
"569","i want everyone to get vaccinated i work from home i ll wait until the end but lightfoot implied teachers wer ",1,"Positif"
"570","job of the week   scheduling administrator and customer service melbourne   flexible working from home arrangeme ",1,"Positif"
"571","i m lucky bc i love being alone amp i ve been able to work from home but the st mos of this school yr ",3,"Positif"
"572","oh i ll purposefully bring them to work when i m not working from home anymore i did not intend to bring h ",1,"Positif"
"573","got home from work like an hour ago haven t eaten cause well i m bad about eating  but time to clean and feed som ",3,"Positif"
"574","matt treacy writes for gript  matt doesn t like irish brazilians  they work in meat plants  who don t have the cash to ",2,"Positif"
"576","it s v v hard to work from home when you have no room to work",1,"Positif"
"580","i m ignoring the work emails that were only sent after pm they are not emergencies and one needs to draw som ",1,"Positif"
"581","please be kind to others who must leave their homes to travel to and from work stay home stay safe save lives",2,"Positif"
"582","i leave from work to find peace at home jokes on me today  ",2,"Positif"
"583","afternoon work from home drama king is napping on larry s blanket in the living room i closed my office door to let the old ",1,"Positif"
"585","why do the majority of people who work from home want to move here",1,"Positif"
"589","freelance data entry job online work from home",1,"Positif"
"591","on my walk home from work this evening nice to see some enjoying a quiet pint   ",4,"Positif"
"592","i need mia and ftc to somehow legislate higher mb s to assist those who will be forced to work from home",1,"Positif"
"594","i love time to decompress after work in the car listening to music it lets me switch from work mode to home mode",3,"Positif"
"595","work from home has been extended to july th",1,"Positif"
"596","just got home from work feels like my arms are about to fall off other than that am good     one up ",2,"Positif"
"600","i really wish i could find a work from home job i really just don t want to leave my house everything makes me an ",1,"Positif"
"601","got home from work early today so we are going live at opening top wl rewards huge team update and some h ",2,"Positif"
"602","great thread suspect hr will actually increase jobs because people who work two hr jobs w ",1,"Positif"
"603","now that i m home from work i can finally catch up on all the tweets videos and memories             ",1,"Positif"
"604","  i must find a way to work from home effectively or some times",2,"Positif"
"605","whoever is putting the ch potle ads for my timeline you win fine i ll get it on my way home from work",3,"Positif"
"608","year are celebrating children s learning with displays of work from home and in school   ",1,"Positif"
"610","work from home   build in public",1,"Positif"
"612","i should be off the casamigos w my babies on my way home from work tho     ",1,"Positif"
"613","okay so if i get sent home from work because i m not wearing shoes i m blaming you",1,"Positif"
"615","been kind of productive since i canme home from work it d be a shame if i were to get the itis during this process",1,"Positif"
"616","odorous battlefield moghur turd diarrhea you a bottle great wall fart horse manure hemorrhoids munanimous horse e ",1,"Positif"
"617","it only took me nine months but i think i got this work school from home under control now  ",1,"Positif"
"618","i ve been home from work for less than hour and have already taken the recycling out showered put in a load of la ",1,"Positif"
"620","everybody wanna be slim thick but don t nobody wanna put in the work i have virtual training in person training mea ",1,"Positif"
"621","damnit i just got home from work                                       ",1,"Positif"
"622","no better feeling than getting home from a long day of work amp ripping a good shotgun",3,"Positif"
"623","yayyy i m home from work now           ",1,"Positif"
"625","i ll get you a quote tomorrow after noon the post office will be closed by the time i get home from work tonight",1,"Positif"
"626","lenice been home from work for hours before she said she left the stuff at work chile i m just so confused the girl is retarted",1,"Positif"
"627","i just learned today that double masking was a thing and that you shouldn t wear gaiters also that for good reason ",1,"Positif"
"628","   s work it  postcard book k k luggage sticker photocard set k k uniform acrylic charm pc set k  ",2,"Positif"
"629","i luv the u s postal service i ve been home from work the past weeks twice my job has sent me paperwork i need ",1,"Positif"
"631","me who can work from home",1,"Positif"
"632","starting from july ish last year i made it a habit to work out at home gyms have been closed it just so h ",1,"Positif"
"634","teacher under review a miami dade public schools teacher was sent home from work this week apparently because of her po ",1,"Positif"
"636","new work from home achievement my cat started meowing so much on a call that it triggered my source s cat who also started ",2,"Positif"
"638","her parents work from home too so that really matters",1,"Positif"
"639","i m hungry and can t eat until i get home from work in like hours   ",2,"Positif"
"641","i can t believe i wanted to come home from work and watch anime   who am i this isn t me",1,"Positif"
"642","this season was electric on tuesday s made work from home worth it",2,"Positif"
"643","there s still time to register for our next  return to work by volunteering from home from covid and beyond ",1,"Positif"
"644","what a relief si dang gets to remain at home with us but the fight is far from over as si and many immigrants amp refugees sti ",1,"Positif"
"645","can i still take a snow day if i work from home",1,"Positif"
"647","everyone s favorite daddy is home from work lt",2,"Positif"
"648","interesting irish equivalent of an employment tribunal finds a worker was constructively dismissed because she wasn t allowed ",1,"Positif"
"649","well home from work first day back full day went pretty well am tired amp sore still so gonna relax tonight was re ",2,"Positif"
"651","with the nashville economy building up again and more companies coming this way and more work from home jobs i can ",1,"Positif"
"652","so wait i can work from home cause       ",1,"Positif"
"653","work from home should  continue  she said   it never start out here aunty",1,"Positif"
"654","work from home jobs online data entry jobs freelance data entry jobs online jobs part time jobs",1,"Positif"
"655","inches and still going   i m heading out to check roads for carus s drive home from work and go to the barn ",1,"Positif"
"656","retweet for people getting home from work",1,"Positif"
"660","i can t wait for the days when i get to come home from work an see how excited my kids are when i walk through the door fut ",2,"Positif"
"662","lately i have been making dinner and then i hear my sister get home from work  but she sits in her car in the yard f ",1,"Positif"
"663","oh god i only work like ish and i feel like i spend my whole life at work    but also i feel l ",4,"Positif"
"664","how many are attending virtually doesn t that count pretty sure the order in on is work from home if you c ",2,"Positif"
"665","those showers after you get home from work hit different",1,"Positif"
"666"," how are we going to get it all in that s what she said   this just made my day driving home from work",1,"Positif"
"668","i can t work from home tho so it s work as always for me and my asthma   ",2,"Positif"
"669","study bothell ranks as best city in washington to work from home",2,"Positif"
"670","nah i love oh every time my roommate comes home from work he gets supper excited and runs to the door to hug her      ",4,"Positif"
"671","have a ready backup home internet plan for a seamless work or learn from home set up  details at ",3,"Positif"
"672","from studio to three bedroom floor plans at lake meadows you ll be sure to find the perfect apartment to meet you ",1,"Positif"
"673","every day i wonder why all retail service workers are not on the top of the list for vaccinations so many i know that g ",2,"Positif"
"674","life is worth it for when i get home from work and go to bed and my two cats sleep next to me there s nothing quite like it",3,"Positif"
"676","lately i have been making dinner and then i hear my sister get home from work  but she sits in her car in the yard ",1,"Positif"
"677","having my dog next to me while i work from home gt gt gt gt gt gt gt gt gt gt        ",1,"Positif"
"678","i come home from work like  i should eat something  but like eat what and like i dont feel like cooking   ",5,"Positif"
"679","yesterday my bf and i were pretty hung over i had to work from home but he had the day off and this man watched b ",1,"Positif"
"680","my makestar albums are coming today yay but i wont be home from work for another hrs     ",2,"Positif"
"681","my company said you work from home anyway let s get you a heavier one",1,"Positif"
"682","tough choice but think the grohe red wins it    the perfect work from home accessory move over kettle",4,"Positif"
"683","got the work from home job and im going to be able to go to school and also move and just keep creating i fuckin lo ",1,"Positif"
"684","the progressive work from home commercials are so funny lol",1,"Positif"
"686","yessssss taste i ve been playing it when i m home from work too   ",1,"Positif"
"687","as far as a i ll always prefer working from home you can work on other stuff get shit down around the house an ",1,"Positif"
"688","thanks i m home from work now   ",1,"Positif"
"689","still another reason to work from home",1,"Positif"
"691","within minutes of getting home from work i do one of two things change into my work out clothes and go for a  ",2,"Positif"
"694","teacher under review a miami dade public schools teacher was sent home from work this week apparently because of ",1,"Positif"
"695","thousands to work from home permanently for top turkish conglomerate",2,"Positif"
"697","so tempted to do this in my next working from home zoom staff meeting later on this week hilarious serio ",1,"Positif"
"698","just got home from work and i m burned out like a mofo i m about to knock out despite having like shots of espresso throughout the day",1,"Positif"
"699","i need another work from home job  ",1,"Positif"
"700","that s why since i work from home i quit wearing mine",1,"Positif"
"701","be entered to win a free family meal simply by telling us in the comments below what it is that you love about work ",4,"Positif"
"703","and now we mostly work from home",1,"Positif"
"704","my roommates be sleep when i come home from work during the week i need somebody excited that i m home so this doggy is what i need     ",2,"Positif"
"705","turns out i m home from work and my boy from the lease is here and we re straight up hanging",1,"Positif"
"706","does anyone else call their mom on the way home from work school every day no just me",1,"Positif"
"708","i love my sister and nephew but i hate when she comes home from work",1,"Positif"
"709","bailey and i got to spend the whole day together while i worked from home we even surprised mama with a lunch date ",1,"Positif"
"710","i am lighting a candle as soon as i get home from work but praying for you your family and your father       ",1,"Positif"
"711","my team actually works remotely i have skin in the game for work from home nationalism",2,"Positif"
"714","i know someone who works from home but occasionally has to go to he ",1,"Positif"
"715","crying during the work day but at least i work from home",2,"Positif"
"716","check this utilising just simply this approach i was fortunate to get out of each of our full time job and work fr ",2,"Positif"
"718","came home from work to this      dude he knows he got me a penguin my heart can t handle it",1,"Positif"
"720","my doggo brings me his favorite toy when i get home from work amp it s my favorite part of my day      ",3,"Positif"
"721","well just delivered my package i won t be home from work for another seven hours any wagers as to whethe ",3,"Positif"
"722","when you used to try sleep before your mum gets home from work cause school told her you was acting up",1,"Positif"
"723","anybody else run to their room as soon as their dad get home from work or jus me",1,"Positif"
"725","my parents can t work from home and what do you mean same size",1,"Positif"
"727","reliably and securely connect your users to business critical applications   even if they re working from home wat ",1,"Positif"
"728","not me crying on my way home from work today lol",1,"Positif"
"730","just got home from work and took all my make up off right away now i feel pretty lol",3,"Positif"
"731","i d really like to come home from work to a downloaded game",2,"Positif"
"732","lmao so they feel is just so people can work from home",1,"Positif"
"734","i was home recovering from our holiday work party     ",1,"Positif"
"736","free from the shackles of work academia time to go home and do more academia class",2,"Positif"
"737","how to apply for amazon work from home jobs",1,"Positif"
"740","as we approach a year of lockdown here is how i have managed to successfully work from home for years    never w ",2,"Positif"
"743","really enjoyed that session with the academy well done lads great camera work from   plyome ",4,"Positif"
"744","the way someone ran off the road in front of me on my way home from work self fulfilling prophecy teas",1,"Positif"
"745","i can t work from home        my work is at anfield        but theres no body allowed in    i can t to go back to work at anfield",3,"Positif"
"746","work from home and earn daily weekly amp monthly make more than weekly from home no hidde ",1,"Positif"
"747","this sure is the long way home from work",1,"Positif"
"748","starting from july ish last year i made it a habit to work out at home gyms have been closed it just s ",1,"Positif"
"749","i watched the video on the train back home from work and yeah i was a bit like   is that it    ",2,"Positif"
"750","check this using simply just this process we were happy to get out of each of our permenant job and simply work fr ",2,"Positif"
"751","today i learned that i can listen to the glee cover of all that jazz exactly times on repeat on my walk home from work",2,"Positif"
"752","and companies need to let people who can work from home work from home",2,"Positif"
"753","man being in a healthy loving relationship is wild like i m excited for my man to get home from work to tell him ",4,"Positif"
"755","equipping employees to work from home has enabled organizations across the country to maintain operations througho ",1,"Positif"
"756","years of eating pret for lunch now due to covid i can work from home and never have to walk into on ",1,"Positif"
"758","well guys i forgot there was maintenance tonight and by the time i get home from work i would only be able to do li ",2,"Positif"
"759","i hope tomorrow we have an office worker who has decided to work from home in their second home in the south of spain ",1,"Positif"
"764","work from home    ",1,"Positif"
"765","this is being pushed back to est because aster needs time to get home from work",1,"Positif"
"766","seems most people arguing masks work pro lockdowns closed schools are elite professionals who have been happily wor ",3,"Positif"
"767","yes not zoom but the platform we use for work x and no i haven t found a good solution fro ",2,"Positif"
"768","when you re working from home it can be tough to find purpose in your role   try these tips to gain meaning from ",2,"Positif"
"769","im omw home from work yall better not be up to mischief gt",1,"Positif"
"770","i like when i get to work from home so i can make casual blueberry muffins in the middle of the day",2,"Positif"
"771","planning for the new year natural gas is an affordable way to heat your home and water we work with energy trust ",3,"Positif"
"772","finally home and relaxing went to the store after work bc i forgot some stuff from friday then went back to the of ",1,"Positif"
"773","they would never let folks work from home either for a completely web based company the only thing that pleases ",2,"Positif"
