"","text","score"
"1","when you get to work from home but they make you fill out a  work log  each day",2
"2","working from home living at the montrose gives you the space for that       what are your work from home essentials",1
"3","do you remember when commercial property owner s gameshow host hologram and anthropomorphic oil slick richard tice  ",1
"4","i ll try not to fall down the stairs on my way home from work",0
"5","work from home has became a new norm there has been a very few days at work since the start of pandemic still unc ",2
"6","today i learned that i can listen to the glee cover of all that jazz exactly times on repeat on my walk home from work",2
"7","it s snowing in oregon and there s already accidents in the city on my route home from work   ",1
"8","i m going to host a work from home party before i have to go back to work mimosas and twerk sessions between zoom calls",2
"9","for example a group made fun of george s death on national televisi ",0
"10","wow gauche meets gawky what a haphazard set of awful looking buildings it s like a construction w ",-2
"11","coming home from work amp cooking dinner feeling like a whole assss se ora",2
"12","great work on showcasing black businesses and telling the story of black people in jackson ms music is on ",2
"13","my husband just told me he has a crush on someone he met at work he s worked from home since march   ",1
"14","hello welcome home from work thank you for joining us we need to fund this incredible project please and thank you",5
"15","we have the same here there is no way i would be ordering from a non inspected kitchen one loca ",0
"16","as someone who has made bucks a day from doing degrading retail work at a part time job it is ",0
"17","i work in a huge supermarket no decent ppe and chaos ppl cough by pulling mask down and i hate it i ",0
"18","i reflexively texted my wife to head home from work to beat the snow traffic then i started manically refreshing t ",2
"19","failing to reach an agreement with chicago public schools over reopening conditions this week the chicago teachers union h ",-1
"20","hello welcome home from work thank you for joining us we need to fund this incredible project please and thank ",5
"21","madden and i talk on facetime when i m on my way home from work i live eight minutes away hahaha",0
"22","i want to share with you a few tips from my own work from home experience of over three years including the last y ",1
"23","one day ill come home from work before pm with the energy to draw one day",1
"24","was listening to on on the drive home from work tonight and i m now convinced he s the man to pi ",1
"25","that s because you aren t collecting the evidence   stan s dad picks up covid from work          gt     stan s dad gives stan covi ",1
"26","clueless from someone no doubt in a safe job on full pay working from home lockdown is a disgusting re ",-2
"27","honestly every time i remember this disability accommodated life isn t forever i get so anxious i stud ",-1
"28","wonder how many of us had a hidden desire to work from home instead of dealing with rush hour traffic m f",2
"29","there will be a lot of sad and hard times in the things that make us smile but as jisung said on your way home fr ",-1
"30","what a relief si dang gets to remain at home with his family amp community but much work needs to be done in making sure si  ",2
"31","was listening to on on the drive home from work tonight and i m now convinced he s the man t ",1
"32","silly sonia can work from home what about someone who can t  what if the only option is work or lose y ",0
"33","sooooo my sister who lives hours away and i just started training for the same work from home job amp we have bee ",1
"34","cracked my phone for the first time ever by dropping it onto my work from home laptop stand   i blame covid",-1
"35","it s like a dad coming home from work completely drained and exhausted but as soon as his son says dad ",0
"36","working from home is starting to fall apart top bankers warn",0
"37","ft microsoft shares surge to new high on work from home revenue boost",2
"38","the little things i m watching when my husband gets home from work",1
"39","cybereason offers a new take on protecting all those work from home laptops and phones",1
"40","thanks for letting me know that huskies are the worst dogs to have if you live in an apartment or work from home ",0
"41","get benefits check out the free home health aide trainings from our path to work provider the ",3
"42","the pandemic has shown that many jobs can be performed effectively at home meaning for many people remote work is here t ",2
"43","kelly hennessy np director of testing at ebnhc  we just knew that this pandemic would disproportionately impact our ",0
"44","on my snowy way home from work after a curve i come over a rise amp down a hill as soon as i make the curve i see ",1
"45","sadly many parents have to go to work but there s quite a few others working from home ta ",0
"46","i would say that you can t be outraged at non essential travel from political leaders and then also be outrag ",-1
"47","i was listening to this album on my way home from work   ",1
"48","my relatives in australia are living a pretty much normal life they spend days a week working from home now ",1
"49","something for your commute home or your move from one end of the couch to the other if you work from home the lates ",1
"50","a ray of hope for my friend jason williams and his family their home was destroyed in fultondale last night and they thought t ",0
"51","i did make it up in my head that did occur to me but i still think vax or not they ll still ",0
"52","parliament relaxed the rules regarding requiring evidence and ",1
"53","i smell like a giant grow op when i come home from work everyday no complaints   ",0
"54","it takes me minutes to get to and home from work today it took hours we left ",1
"55","feel like you re the right person for this  my husband just asked my daughter a junior at barnard to pla ",2
"56","i don t know but you ve been tweeting at once every minutes mph since i got home from work and i love you for it",2
"57","typical over the top reactions from some fans yes it s clear we need more investment on our squad ralph can only d ",3
"58","i am so jealous of people who can work from home",0
"59","is business casual not a thing any more i mean i have worn jeans to work for almost a year and there is a guy in ",0
"60","my dad always sat in the car for like a hour after getting home from work lmao i m just like him   ",3
"61","my sister on the phone with her ex husband i m not going out to dinner no more i m going wear my mask at work i m ",1
"62","my nieces being at my house when i get home from work is just a gentle reminder that one kid is enough for me  ",3
"63","there are of us working from home and struggling to also home school a year old i feel awful sayin ",-2
"64","came home from work to my dad grilling dinner in the garage my parents crack me up",0
"65","soba came charging at me when i got home from work    how am i supposed to be a douche bag now",1
"66","they don t tell you adulthood means eating slim jim s and reese s cups for dinner bc you re too lazy to cook when you get home from work",0
"67","i listen to a lot of music normally but since working from home i listen to it a good majority of the day and i ve ",1
"68","mhm   but they left because you were coming home from work",1
"69","ok but i legit listened to this on the way home from work",1
"70","overheard in virtual world adults w disabilities have been advocating for work from home options for y ",1
"71","me being sent home from work is great bc im too emo to move   ",2
"72","home from work how was your guys day w",1
"73","too late the teachers have never worked but now they ve tasted the ability to never work amp do it from home",2
"74","must say after hearing all the shite from the news and prime time etc not looking forward to the next few months ",0
"75","reading the comments brings back stories i heard from some of my friends yikes i was lucky took the metro home f ",1
"76","having been in level strict lockdown where you can literally just buy groceries and most work and things are from ",0
"77","how do we work from home or stop going to work and still paying the bills furlough  ",2
"78","how much do you pay for rent out of curiosity   how far from home do you ",0
"79","a company president discusses ways business owners should only pay ",0
"80","just a heads up when you get the second shot of the covid vaccine make sure you do not work the next day granted they d ",1
"81","home from work and that can only mean one thing time to smoke that amazing flower stay greened stay lifted        https  ",1
"82","boris johnson   january truly we did everything we could    august cease all this working at home ",0
"83"," we must find the strength to support our friends and neighbors while continuing to prevent the spread of covid by practici ",1
"84","afternoon walk with dad        carl just got home from work so he is still in his fire retardant pants       ",1
"85","just a heads up when you get the second shot of the covid vaccine make sure you do not work the next day granted ",1
"86","almost a year ago at the end of last january my favourite town car guy brought me home from the airpo ",0
"87","i drove home from work today and could not believe how horrible the road conditions still were th ",0
"88","how i come home from work at midnight and stand in the darkness as you sleep",0
"89","biggest migraine ever just home from work need to sleep hours gotta be up at am",1
"90","how has your office been augmented since first began since the pandemic many consumers have upgr ",0
"91","we all work from home so i m just re edited to be on camera for hours straight if i didn t have t ",1
"92","openings for part time work from home job",1
"93","awesome got back from a day of work and come home to realize that theres no internet because my mom removed it beca ",2
"94","i have some virus been tested for flu and covid both negative sunday night had a episode that featur ",-2
"95","that s like my saying we d lose over jobs over the next two years if i worked fro ",1
"96","i feel you ive been unemployed for months and no one wants to hire someone from another city or state ca ",-1
"97","my man flirts with me from the second i open my eyes to the second i shut them and it s increased since with both ",0
"98","from the front it takes more work at home to get to look like that without the same equipment only ",2
"99","i used to listen to music otw home from work but now that i commute i m a podcast shawty   ",1
"100","got home from work and had this out on the bed waiting for me   ",1
"101","truthfully i m grateful i don t have to go anywhere and can continue to work from home",3
"102","i ve been working from home for about years now and i love it i will admit it s differ ",1
"103","it was a good evening just got home from ",1
"104","home from work chilling with my feet up i want my foot sluts on their knees i want what s mine get in my dms    ",0
"105","rushing home from work like my guitar is a new puppy that needs to be let out and played with vibes",2
"106","to be honest pm would be ok with me in the work from home era   please don t report me to hr   ",2
"107","you are modelling that the privileged can go out for nonessential reasons on a photo op trip to the airport in ",1
"108","any chance you could travel my route home from work it s snowing and i have shitty tires",1
"109","i really want to work from home in jamaica this year two month ting hmmm hmmm",1
"110","i knew nwhl did the barstool hockey podcast just got home from work and what the fuck shit show did i miss",-2
"111","grandmother here my two are doing well but both parents are gainfully employed are earning at the ",2
"112","just get home from work",1
"113","this schooling from home idk how this gone work jack",1
"114","you re probably right and i think people who go to work amp people who work from home sometimes live in dif ",3
"115","al never forget that time one of our  mates  booked magaluf with us but come home after a day went to work and tol ",1
"116","what i expect to see tonight regardless of work from home",1
"117","we are offering free hearing health checks our clinics amp work practices have undergone a major change since the covid p ",2
"118","pm meeting canceled i can stay and work issues from my office but i ve eaten all my food until i get home for dinner bummer",0
"119","i agree with a lot of comments in this article working from home will be a supplement not a substitute to workin ",0
"120","what do you do when you re tasked with managing a ton of commercial real estate in the midst of year long lockdowns ",0
"121","i have a three year old and two year old twins we have been together at home all day every day for ",0
"122","i was excited about having a snow day tomorrow and not going to work but i work from home       ",3
"123","cyrus woke up before cal got home from work and didn t sleep the rest of the night",1
"124","work from home outfits",1
"125","normally on their evenings after work reece would head home and work on whatever assignments they needed or revie ",2
"126","hahah yeah it s not that bad  i m studying for university entrance exam so this job is really good for ",0
"127","all is possible",0
"128","i was told internet would be back by pm it s pm and still no internet it s two days now what a ",0
"129","to some degree remote work looks to be a part of future   survey of gt c level executives amp senior public ",1
"130","ten months on a small cohort of tailoring traditionalists still refuses to trade ties for t shirts  ",-1
"131","     he feels the                 arms slip warmly around his waist   crossing in front and pressing up from behind hi ",1
"132","the kansas city chiefs are going to the super bowl but without offensive guard laurent duvernay tardif  he took a year off fr ",0
"133","job fort wayne in usa agent broker work from home career make k yr to learn more snsem once you h to learn ",1
"134","damn even work from home is work really ain t no getting around this shit   ",0
"135","are you a critical worker or volunteer who can t work from home   rapid testing is open at hutton moor leisure centre  ",1
"136","home from work going to chill and pve a bit on sot o",0
"137","our office bag has all of our favorite things      sometimes working from home just doesn t cut it that s why we e ",1
"138","i get home from work at v me and see what s up",1
"139","i have been teaching virtually from home since march my third grade students need to see me model and ",0
"140","a useful work from home business will need your physical health try this good being concepts",3
"141","if it wasn t fir the percentage of people who need to work to live and can t work from home this wou ",2
"142","know the difference between people who value you and people exploiting your value if someone won t pay you for your hard wor ",0
"143","at this stage i m not even working from home i m just living at work",1
"144","       legit and affordable online courses to prepare you to work from home",2
"145","staley erdoes say remote work is starting to grate on staff bloomberg i think a compromise is needed how about ",0
"146","reminder spring isd will have an asynchronous learning day on wed jan all students will be learning from home includ ",0
"147","s o to all the companies that care for their employees enough to delay start or ask to work from home before a winter storm   ",1
"148","how is it possible that we ve been having internet issues for months had a tech here days ",-1
"149","hi i just got home from work",1
"150","i hope the story that the media tells today re s photo op visit to the airport is that he s launched an expensi ",0
"151","anyone do some audio transcription work if so would you be willing to share your experience looking for work from home options",3
"152","this goes past teachers all the people who have been working from home never want to go back to work i ",1
"153","helpful article from the law society in my email inbox today on working from home with children apparently you have to tell ",1
"154","driving home from work be a mission now   ",1
"155","omfg ok ok ok i ll work on it when i get home from work tonight",2
"156","i m thankful that i m able to work from home anytime needed             it s a blessing     you can too     contact me ",3
"157","she was forced to wait for her wife to get home from work when she was",1
"158","if you need a work from home read the thread below for an extra income stream  wear a mask     ",1
"159","this was on my way home from work around ish it s not gonna stop until late tomorrow morning wish me luck ",2
"160","working from home feels like i m doing some shite cha cha slide   sliiiiide out your bed sliiiiide down the stairs ",1
"161","i didn t know that amp thanks for telling me but it still doesn t seem fair i work ",2
"162","i used to beg to go home from work because i was vomiting nonstop and on the verge of blacking out from pain and my ",-2
"163","everyday i look forward to the drive home from work just to call tori and see how her day was",1
"164","i want work from home to be a norm for all non customer facing jobs and any job where customer interaction is by p ",1
"165","and then i said the five words every man wants to hear when their woman gets home from work i m making dinner",1
"166","you must think i m home from work already   ",1
"167","surprisingly one of the benefits of working from home has been an increased appreciation for the office  ",1
"168","getting home from work and changing straight into sweats gt gt gt",1
"169","i like hbo max but they need to work on the interface bc it doesn t save the shows you watch so that you can quickly acc ",2
"170","i genuinely think their prioritization should be healthcare workers elderly in grouped homing situations high ri ",0
"171","how ashlee anderson turned frustration into and more free time  ",0
"172","don t miss your chance the military spousal employment network msen is hosting a virtual career fair focused sol ",0
"173","imitate any of these robust how to drive massive traffic solutions to create never ending possible leads to enthusi ",2
"174","i m looking forward to watching the whole show tonight when i get home from work      you chaps are always great to w ",2
"175","what did you do also why are you wearing pants don t we all just work from home in gym shorts these days",1
"176","if you need a work from home read the thread below for an extra income stream  wear a mask   ",1
"177","running home from work to watch the tell all like",2
"178","hey im home from work how is everyone",1
"179","i so wish i drank on days like these hopefully my anxiety can rest now that i ve gone where i needed and made the ",0
"180","just to be clear for anyone reading the sitting was only a problem because it aggravated my pain  ",-1
"181","was so sick of being tired of coming home from work and trying to pull up an illegal stream i just straight up bou ",-2
"182","y all stay home from work when it snows but don t stay away from the club in a pandemic",1
"183","so when i worked at bojangles we where allowed not really allowed to take leftovers home a guy at ",1
"184","that cannot be peak service time  i work in burnside and cannot get home in a reasonable time  it ",2
"185","morning race i just got home from work so it is evening for me   ",1
"186","what a relief si dang gets to remain at home with us but the fight is far from over as si and many immigrants amp re ",1
"187","none made pho for dinner i can t wait to get home from work   ",1
"188","i just got home from work went to the basement and crash on the couch relax time don t forget to say hello to mr ",0
"189","i work from home for the remainder of the week   ",1
"190","if i buy the live stream can i watch it from the beginning when i get home from work about pm cheers for any info   ",1
"191","true during the worst yrs of my pain sitting was my most painful activity i fought for months to ",-3
"192","what do you expect when you get home from work for the schaefer family it is the comfort and peace that provides a decorat ",3
"193","all of my employees were keen to get back into the office after both auckland lockdowns despite us ",1
"194","the only reason i want a boyfriend is so that someone can have my dinner ready for me when i get home from work bc ",2
"195","    want to see people judges for their right to a home next week us either   barring action from president judge ",1
"196","home from a long days work  triple soap wash shower exfoliation  double body cream lotion  single spliff nice p ",2
"197","barclays ceo jess stayley in april    the notion of putting people in a building may be a thing of the p ",0
"198","hr a lot of employees live in an appartement and can t find a quiet place to work from home remote work is not the solu ",3
"199","when will and reckon with the fact that remote learning means moms disproportionately have lost ",-1
"200","one of my neighbours died of covid yesterday until he and his wife caught it he had no major heal ",0
"201","the farmington river it was on my way home from work",1
"202","much of my time in portland has been living in my bus and i m amazed at the convenie ",1
"203","card du jour is ruled by the queen of pentacles from the sun and moon tarot deck by vanessa decort leverage the e ",1
"204","anyone else work from home and have family members that get bent out of shape if you don t let them interrupt you  ",-1
"205","stream will start at tonight just got home from work sorry guys",0
"206","ann arbor is one of the top best places to live if you work from home according to and we would have to agree  ",3
"207","when i got home this morning at am from work a yt man was doing push up on the sidewalk me and the driver lau ",1
"208","lockdown is frustrating and ruins a lot of plans but i m tomorrow and i m going to get into my nice car go to ",-1
"209","back home from work      predicted it   ",1
"210","i just started crying while driving home from work for no reason whatsoever how s your tuesday going   ",1
"211","from rooming with a front line worker to living in a multi generational home no pandemic experience is the same lovely w ",1
"212","what is your job you work from home",1
"213","every day when i come home from work i m disappointed to find that gratiot county graffiti culture is not as cool ",1
"214","good just on my home from work",2
"215","ok honestly if you feel uncomfortable or truly don t know please please don t drive in the snow literally just do ",-1
"216","exactly it is interesting that physios etc have decided to focus on sitting as being a driver of someon ",1
"217","weekly idol today so excited   thank goodness i am work from home today",5
"218","good looking out bro just got home from work and still piecing the slate together beal may explode on a three gamer",1
"219","my son was supposed to be born feb the latest me and my friend all preordered to play world on ",0
"220","rt   when you feel overwhelmed you can use a hard restart to find peace in your day i ve discovered ",-1
"221","work from home employees or any employees reply with a normal silly work selfie      fursuit or sona over your face is a ",1
"222","is it common courtesy to not have obnoxiously loud sex while your housemates are home especially if they work from ",-1
"223","just to wrap this up because i ve had a lot of people reach out yes the packers affect me emotionally i took off ",0
"224","as soon as it s pm i get so happy cause i know my bby will be home from work   ",2
"225","in an email the district tells families of pre k and cluster students to keep their children home from schools tom ",0
"226","i just got home from work and saw this what on earth did i miss omg",0
"227","i really wish i could work from home   ",1
"228","ann arbor is one of the top best places to live if you work from home according to and we would have to a ",3
"229","dinner will be done when rodolfo gets home from work let s just say that if im not treated like a princess for the ",2
"230","when i get home from work is always a race for me between um wine and dinner guess who wins",2
"231","the voice to text thing was somehow left on and transcribed me in a text message pretty perfectly captures my work from ho ",3
"232","note i don t know if i actually had covid because at this point it was still outside of the u s supposedly ",0
"233","very true and it can also bring good things many people with pain and or disabilities have been f ",0
"234","i ve been going into work every day for the last months because of the nature of my job so it s very weird when ",0
"235","thanks for finally calling this out it s rampant on my tl i dunno why people feel the need ",-1
"236","they get offices and everything when they could just work from home that s how    money laundering",1
"237","is it time to create a work from home solution that actually works for you from homework to conference calls ever ",2
"238","driving home from work tonight and noticed a few of these at bus stops etc propaganda at its finest bit bizarre n ",0
"239","after a work day from hell it just took me hours to get home so i am going to bed",0
"240","something people don t often mention when working from home it can be difficult to separate home from work the ac ",0
"241","there are other positions work from home part time things that pay pretty well and are more consis ",3
"242","microsoft shares surge to new high on work from home revenue boost",2
"243","just got home from work and i m waiting for my rommate to come home so that we can order dinner together",1
"244","human nature if it was more work from home you would go back to in person",1
"245","i came home and found a package from when i got home from work i love this mug so much   love you amp t ",3
"246","my brother just got home from work and my mom said  hey i made chili for dinner  and he goes  that smells like dog ",1
"247","y are showing their resilience using the app to code animations from home a special shout out to summer w ",0
"248","i m lucky to be able to work partly from home but need to research or record docs at various courthou ",2
"249","these drives home from work really get me thinkin   ",1
"250","reflecting on how in the end covid might help women home work her evolution as a leader  ",1
"251","the way camila cabello comes in and ruins the end of work from home with those nasally ass adlibs is truly tragic",-1
"252","away from the rest of the world this way the soldiers don t come in contact with infected people they do get the ",-1
"253","i had just gotten home from work and she was adamament that the first order of business was that she ",1
"254","looking to switch lanes in your career merge on over as a automotive claims adjuster hr benefits work from h ",2
"255","i told my rats that i would be home tonight but then it started snowing so i m not going home and i m gonna go righ ",0
"256","how to get a work from home online job   right now",2
"257","want to work from home   be part of us   visit our website",1
"258","see this is what happens when i start prepping dinner when i get home from work amp work on cookies i ",2
"259","",0
"260","ooooo i will listen on my ride home from work",1
"261","unfortunately due to a slight panic attack earlier in the day and then some serious work from home decor ",-2
"262","funny i was thinking the same exact thing on my home from work today lol",0
"263","legit ways moms make money from home in with limited time",-1
"264","breaking the chicago teachers union has told its members to work from home tomorrow and prepare for a strike thursday if cit ",-1
"265","i was just looking through some work emails from early march and it really is amazing how quickly things went from norm ",2
"266","make preparations for feeling a bit crummy after your nd dose of covid vaccine may even plan to take some time ",-1
"267","take a look at local authority jobs councils have adapted really well to home working generally they hav ",1
"268","what says fuck you more than loudly pounding your chest about the dangers of soci ",-1
"269","just got home from work been hard charging since am lets catch a dub going live in",0
"270","register today and learn how to set up a safe d printing environment  how different print variables can affect environmental ",1
"271","we re recruiting for   campaign manager   press amp communications officer  campaign assistant  all the roles are wor ",0
"272","i m with you there xfinity has been supporting laptops cell phones couple of tablets with its ",1
"273","for the past months many of us have been working from home i ve seen isolation affect myself and my team i m shari ",-1
"274","took home from work one of those microwaveable chef boyardee beefaroni flavour and these babies bussn you hear me",1
"275","my new equipment will be here on thursday for my nd work from home job     ",1
"276","i really be getting home from work at pm getting ready for bed   ",2
"277","girlfriend came home from work with a l bottle of whipped vodka and a pound bag of chicken tenders monday night just got interesting",2
"278","as well as strongly enforce work from home as a rule quite a lot of cos are insisting on commute",2
"279","but i ll watch kalynn when i get home from work tomorrow and that ll be nice",2
"280","register today and learn how to set up a safe d printing environment  how different print variables can affect env ",1
"281","first night checked the internet site of the theatre here after work went in days later on the way fro ",1
"282","i m working from home lmfao i have been since march i am no ",0
"283","not me about to queue this all up as i drive home from work",1
"284","how to apply for amazon work from home jobs",1
"285","i wish marty well in retirement i think we re neighbors i see him sometimes walking home from work he s not perf ",2
"286","nobody   me drivin home from work",1
"287","kids are super resilient but ours and years old miss being around other kids w ",1
"288","think i m gonna do a dem senator tier list when i get home from work only doing dems because every single republic ",1
"289","davos billionaires complain that when people work from home bosses can t coerce coworkers into policing their productiv ",-1
"290","the second part to my outfit series is now up on the blog",0
"291","our family topic when i come home from work  who needs to run with scissors when you can jaywalk with scissors ",1
"292","for bizops to work the key is to get your teams engaged and enthused about the work but in today s work from hom ",3
"293","i got a pack of from amazon for the low low amp let me telll you i haven t been the same since i wear these to ",0
"294","when i tell you this is what i ve had to deal with growing up in predominantly white spaces most of my life i m in ",0
"295","work got me a   macbook pro    to work from home and i really like that machine a lot i may buy myself ",3
"296","that work from home view is pretty nice   ",3
"297","gooooddd day thunder fans just bacc home from work here s another sumn i made when i got home",2
"298","rd week work from home    university brought back freshman students for winter qtr   ",1
"299","if i hear someone telling me again that my work is easy and that office work is easy especially when you work from home shut up",5
"300","working from home is the new norm during covid and will remain a big part of our lives after getting the right equ ",1
"301","working from home here are tips for working from home efficiently",1
"302","not a bit sensitive i work from my kitchen table while home schooling ",2
"303","hello would you like to work from the comfort of your home with your pc or mobile p ",3
"304","a small price to pay for increased work from home productivity for the professional managerial class",1
"305","hcvp director april kennedy asks for the residents to call or email her directly if they are not able to reach thei ",0
"306","i sit out in my truck or car when i get home from work or a workout and listen to jazz music for at least an hour  ",1
"307","how coworking can help you overcome work from home depression  amp  ",0
"308","came home from work to my bed made and my laundry done and folded by my sister and after the day i had it felt so ",1
"309","thats not nice i know people who had hard times from disabilities or for whatever reas ",0
"310","maybe it s a epic work cation for a company with all of the working from home this past y ",1
"311","my boyfriend hasn t come home from work yet so of course the only rational assumption is that he got into a terribl ",2
"312","truth is some are having almost no reaction to the vaccine while some are having quite a reaction co ",0
"313","save yourself from retirement heartaches switch to premium pension a pension fund administrator that makes your salar ",0
"314","is your boss spying on you working from home will be one of the long lasting global side effects of  ",0
"315","my daughter is studying in dc i haven t seen her since dec she s my only child i live alone wo ",0
"316","is your boss spying on you working from home will be one of the long lasting global side effects of ",0
"317","when we reach peak oil and the cost to drive cars becomes prohibitive the expect ",-1
"318","following with notices just got home from work lee",1
"319","forgot to mention even before covid i worked from home which is a huge accommodation in and of itself i ",1
"320","i be dying to get home from work to sleep until i get home   ",0
"321","therapy tonight time to get home from work shower put on pjs and slippers make a hot water bottle and a cup of ",2
"322","when you get home from work to play smite with your friends then servers go under maintenance       ",1
"323","as more people work from home during the crisis remote meetings have become a vital part of the workday  ",0
"324","i don t if it is just me but it seems like people do pretty well with the work from home situation the wor ",4
"325","actual footage of me driving home from work so i can finally download the new pack   ",1
"326","right back at you having little ones and trying to work from home with our school system in shambles is not always easy",2
"327","the few listed tips happen to be shown to assist you within your work from home business",1
"328","ngl i did end up waiting for my boyfriend to come home from work and make him chop it up   ",1
"329","good actor skills here    or i ll just go mia for two hours that day    saying my internet it s starting to get ",1
"330","i dont think i have it mainly cuz i dont know anyone i am in contact with that has it they ve also all ",0
"331","the first words out of my dad s mouth when he would get home from work everyday   look at this mess looks like a b ",1
"332","maybe it s a epic work cation for a company with all of the working from home this p ",1
"333","part involves moving all council meetings public hearings spcs etc to electronic participation until such time that ",0
"334","y all getting outta hand with this work from home shit this bitch really put somebody on hold and start cooking a meal         ",-1
"335","when you work from home it really be days you don t step outside at all",1
"336","work from home life",1
"337","part involves moving all council meetings public hearings spcs etc to electronic participation until such time ",0
"338","i never knew this work from home is so fun and profitable thanks elon musk mik gme ",2
"339","my man came home from work started kissing up on me and says  why you smell like my baby  like boy what else i m su ",2
"340","balancing full time work kids learning from home doing overtime then having to come home to help kids with their ",1
"341","update   mum reaches home from work amp picking up food   mummy is how i had to ask the girl how much pepper and soy ",1
"342","what a relief si dang gets to remain at home with his family amp community but much work needs to be done in making ",2
"343","maxi mind learning is for work from home children special needs coaches at h",1
"344","getting home from work like",2
"345","but props to microsoft for remaining committed to work from home when most restrictions have been lifted and re ",1
"346","i got a pack of from amazon for the low low amp let me telll you i haven t been the same since i wear ",0
"347","davos billionaires complain that when people work from home bosses can t coerce coworkers into policing their prod ",-1
"348","yooooo low key afraid to make it home from work   ",0
"349","i usually work from home and largely around my kids i do have some work out of the house i work in eve ",3
"350","as much as i think the elderly and higher risk including myself at home ",-1
"351","do you want to start your own  take a look at our guides     work from home",1
"352","falls under the  work from home unless you can t  loophole  they need props products to advertise",-1
"353","good actor skills here    or i ll just go mia for two hours that day    saying my internet it s start ",1
"354","home from work and that can only mean one thing time to smoke that amazing flower stay greened stay lifted    ",1
"355","how to work from home and earn money online gt",1
"356","small business sales play work from home offers the best in simplicity and security for work ",3
"357","i m on my way home from work",1
"358","la county rapid response will be conducting a career transition support session thursdays at p via zoom in additi ",2
"359","i m good thanks i m super tired as i ve not long gotten home from work but it s been a decent day ",3
"360","oooh i need to work from home at your house       ",1
"361","there s a shooter loose near my house so when i came home from work i called mackenzie and had her watch for me and ",0
"362","lmao why did my work from home job just send me a huge box of gifts for they virtual th birthday party        that j ",1
"363","when we first started living together christian established that when he gets home from work he likes time to hims ",2
"364","compensation for office worker who resigned after employer would not let her work from home",0
"365","all your work expenses la la la also some of home utilities if working from home list su posted d ",1
"366","web development work from home job internship at harry communication",1
"367","oh please she needs to stop i am working a full time job from home and setting my son up for his ",0
"368","it s so sad that i be late clocking in and i work from home     ",0
"369","i came home from work and ate an entire babka",1
"370","watching imposter as soon i get home from work",1
"371","bro i got home from work and slept for hrs wtf",1
"372","lafayette la usa entry level sales representative work from home career changes welcome the career chang ",2
"373","my coworker bought me a bottle of prosecco for driving her daughter home from work   ",1
"374","th me we were told to work from home from the th last year glad to have the job but barely seen a sinner since",2
"375","do you work from home but have a less than ideal set up   let s include some work from home space when we redesign ",3
"376","it s not quite finished the bit where it conn ",0
"377","good night for me and i work from home since months due to covid    but you are right we nee ",3
"378","hey will do you know if there s any work being done at doe to allocate the early votes and absentee ",0
"379","many senior leaders are over work from home  i don t think it s sustainable   barclays ceo jes staley said tuesday ",2
"380","the benefits of work from home   ",2
"381","oclock rideout time on the beat let me know what you want to hear ill put it on for you while you ",0
"382","my yo noticed that i looked exhausted when i came home from work then she cooked dinner so i didn t have to",0
"383","   being    a    mom    is    hard    work     don t let anyone tell you otherwise working moms stay at home moms work from ",1
"384","work from home perk when you go to your bedroom to change into your pjs and then realize you re still in your pjs from the night before",1
"385","i get so anxious for no reason every day before work amp once i get home im so exhausted from it i have to take a two ",-1
"386","new data today shows people in some of the lowest paid manual jobs are three times more likely to die of covid than tho ",-1
"387","i put them in the oven and started twerking because cake came on then built a wardrob ",0
"388","snippet from an fantasy custom clip caught using the work laptop at home to access porn humiliation from female ",0
"389","could covid and working from home spell the end of the business suit and tie in this article a ",0
"390","waiting for my dad to come home from work one saturday put worzel gummidge on itv wrestling followed i was ",1
"391","grant shapps faces fury over mass covid outbreak at dvla more than cases recorded employees claim people with symptom ",-3
"392","i just took the absolute best nap after i got home from work  there was a time when i felt guilty for taking a nap  ",1
"393","omd can you smell that mom ran over a skunk already dead on her way home from work and now the car smells gloriou ",-2
"394","idk why but i m really excited to clean my room when i get home from work",3
"395","dead living with a cancer survivor with no immune system job i can easily do from home but no i have to ",-1
"396","i went home from work today sick i don t have insurance hopefully it is just bronchitis covid test tomorrow i m nervous",-1
"397","me to my dog when i get home from work",1
"398","it s hard for me bc i work from home i do help get the grands out a little bit thanks for checking",0
"399","hope it makes it my idea of members of congress actually residing in your their home state is a good i ",1
"400","finally home from work catching up and i love the instrumental in wind blows",3
"401","   on             fifth harmony work from home no rap edit      listen live at ",2
"402","see ya later sweetie i have to put together my instacart order for early tomorrow morning delive ",0
"403","ok home from work settling down to watch the beautiful inside and out in series no spoilers     ",2
"404","i don t know who needs to hear this but i might be a little late home from work today jackson is really riding ou ",1
"405","people share their reality of workspace setups of working from home",0
"406","work from home is real huhuhu",1
"407","why is ottawa working on files when many are still stuck from collecting dust at vo offices w ",-2
"408","cough or sneeze in public people look at you like they want to murder you my wife was pos on th ",0
"409","yes a genuine  influencer  would work harder to create new and original content from the safe ",3
"410","i have no doubt mate our teacher is good aswell trying her hardest but the logic that teac ",0
"411","i got home from work read this and cracked open a pliny the elder screw the modelo",0
"412","creating a space for yourself is one of the most important things you can do while working from home here are d ",1
"413","between of employees experience depression as they live through the here are some thing ",-1
"414","track review and administer dynamics crm usage and find your top performing team   be it in office or work fro ",2
"415","ooh gotta rush home from work for that lol",1
"416","has been about adapting we wanted to help our employees make a smooth transition  i am grateful to be able to work from ",3
"417","i will continue this when i get home from work   ",1
"418","i had to drive home from work in hella fog and i was super anxious about it and my boss texted me to make sure i ma ",1
"419","how should marketers update how they communicate with their audiences reveals what tactics today s ",0
"420","it took a bit of adjusting to working from home because i am an outgoing and social person   said andrew klein marketing dire ",-1
"421","of bitpay s employees feel more productive working from home as a result we ve implemented a virtual plan for our employe ",1
"422","interesting ruling from unfair dismissal compensation for worker not allowed to work from home during pandemic  ",2
"423","obviously i can t work from home and i ve been fortunate to be able to work safely throughout but worklo ",4
"424","i hadn t heard that but it makes sense   one of the biggest casualties of everyone working from h ",0
"425","or living only a minute walk from the theater where hamilton is playing and stopping by on your way ",0
"426","crying in the bathroom at work hits real different when you work from home",2
"427","i wish i had a work from home job   ",1
"428","he has acquired yet another box i have brought home from work for him",1
"429","i asked jacin to pick up something s for dinner on his way home from work he said we need to order go out to celeb ",1
"430","great work from amp the whole team in the first of straight home games",2
"431","work from home",1
"432","love how every tuesday i get an outlook reminder i ve blocked out wednesday to work from home",2
"433","if we don t do something dramatic for our children we re going to lose a generation   former education secretary lord blunkett ",-1
"434","shout out to and for absolutely killing it on this reveal event stream y all are doing gre ",-1
"435","i just really wanna take my shit to my next personal level and it s gonna take a lot of grinding and a lot of pract ",-1
"436","a recent survey of bitpay s remote employees revealed prefer to work from home versus in the office therefore bitpay is p ",2
"437","bahahaha it s a running joke that when i very rarely like a whole times this entire year work from home that my ",1
"438","ive been walking to and from work but its so close to home it like barely qualifies as exercise gjdjfg ive been slacking so bad",1
"439","i really hope i can work from home tomorrow     ",1
"440","oncall for icu over the weekend covid social inequality full of people from ethnic minorities who can t work from hom ",0
"441","i read the decision it does not seem to me that this case w ",0
"442","pls pray tamagotchi inosuke isn t d d when i get home from work today",1
"443","yeah some of us are loving this work from home forever stuff offices are crowded an ",1
"444","i can t understand why any organisation would be compelling office staff to come into the office when they can work ",1
"445","  work from home customer care representatives needed   laptop provided",1
"446","it s why i think the gov should perhaps have said if we can end lockdown and get back to work by dd m ",1
"447","       legit and affordable online courses to prepare you to work from home  ",2
"448","are you looking for ways to work from home how to make money online how to manage and grow your social media or you ju ",1
"449","ever just get home from work physically mentally and emotionally drained that ya just can t get out of your car s ",0
"450","home from work changed into our comfy clothes sweat shorts blah blah   currently a brisk at pm these col ",1
"451","yea it s hard to avoid i work from home so i only go out to get groceries and the ocassional junk food ",-1
"452","i remember the day thankfully i was able to walk home from work",1
"453","wife  honey please don t forget to buy bread when you re coming home from work and lest i forget your girlfriend chi ",1
"454","journeys home from work have me living life on the edge honestly   ",1
"455","nothing smacks better than that car ride home from work school when it s just yourself and you have that time to reflect and be at peace     ",3
"456","need freelance data entry operator part time work from home no target",1
"457","cassie looks so beautiful today omg and i come home from work she s all dolled up with dinner ready god dammit i lo ",3
"458","safe work travel is not shame worthy its unfortunate since everyone should be staying home away ",1
"459","i ll check for ya when i get home from work",1
"460","   train online to be a home based medical transcription editor and start making real money from home  ",0
"461","discussion regarding potential of moving all council meetings public hearings spcs etc to electronic participati ",0
"462","the only thing i like about quarantine is being able to work from home on zoom cause i teach kids it s so much better",3
"463","just talked to kelly high as a kite taking her for another mri at least she s feeling no pain right now i ve ",0
"464","work from home if at all possible only essential travel everyone in the ",1
"465","these major companies have announced employees can work remotely long term",1
"466","im home from work now hope you re all having a good day night i ll work on videos but post tomorrow",3
"467","i m waiting for kass to see this when she gets home from work",1
"468","i m disgusted no bill proposing that the execution of unarmed black folk be punishable by deadly force but protes ",-3
"469","thank you for honoring your commitment to vaccinate fcps so they can work safely from home",5
"470","but that was the example they were set isn t it stay home unless you fancy a trip to ",1
"471","days post move leaving me to have to figure out how to work from home without internet how is this acceptable cc",1
"472","i love it when it s snowing on my way home from work not   ",2
"473","back home from work and she s flat out next to me it s been a long one today good to be home",2
"474","claims adjuster workers compensation remote work from home insurance placement solutions",1
"475","when you and ur roommate r watching bachelor from work and home",1
"476","from home to work in the sun in the hail in a park on a trail after dark from here to there now i ride my bike anyw ",1
"477","just got home from work will get to things soon",1
"478","i wish that were the case i m still recovering from covid it s been a month since i first had symptoms  ",-1
"479","yep sombody cut a chunk of my hair off on my way home from work once",1
"480","mr president i m writing due to s decision to make internet more across t ",0
"481","i m gonna work and watch naruto from the beginning when i get home so i don t focus on my body hurting   ",0
"482","can confirm this my kids have been in person this whole time everyone wears masks and there hasn t been any trans ",0
"483","online school isnt like working from home it s more like living at work",3
"484","finally home from work can t wait to watch some egg",1
"485","driving home from work and witnessing sunsets like today is a blessing",3
"486","work would rather have you spin out on the highway to  prove how dedicated you are  than work from home after a snow storm",3
"487","helpful article from the law society in my email inbox today on working from home with children apparently you ha ",1
"488","i can t work from home  hundreds of thousands of working class britons can t",1
"489","wend consulting is a vp of business development to control amp oversee all business operations amp ventures rel ",0
"490","a new study by predicts a growth in adoption",0
"491"," ",0
"492","says the guy who is choosing to work from home if it s not safe for you to go back to work it s n ",3
"493","that s great opposite for me substituted an hour s walk to from work with wfh home schooling amp terr ",2
"494","sent home from work for having a cough booo",1
"495","the fucking irony this just shuffled on my ride home from work haha",-1
"496","me when i get home from work usually about hrs since my last real meal and or solid food",2
"497","anyone else despise pleeaaaase stop with the constant upgrades so our employers can do surve ",-1
"498","the other road i take home was backed up so it would be my fucking luck that i would hydroplane right in front of m ",1
"499","as someone with a learing disablity i find doing work from home super hard my tutor complained i m not h ",0
"500","oh yeah going to crank up the amp when my wife gets home and hit her with some stones jumpin jack ",0
"501","when you come home from work and your neighbor is clearing the inches of snow from your driveway with his wheeler gt gt gt gt gt gt gt",1
"502","i went to work from am am to go home for a nap to come back to work from pm pm    i is tired",1
"503","a funny thing my kids love school from home with me and my wife teaching them even if it is murdering my work lif ",1
"504","came home from work sat on the couch and instantly started dozing off   ",2
"505","shut the borders in feb don t miss cobra meetings don t tell everyone to shake hands don t tell everyone masks do ",-2
"506","i work from home so i won t care about it lol is it painful",1
"507","banking industry leaders are sounding the alarm on working from home saying it s fraying and not sustainable  ",0
"508","everyday when i get home from work school",1
"509","good morning can we seriously talk about how freaking hard it is to do everything from home work school blah blah blah  ",-3
"510","got rear ended on my way home from work how s yalls day going",1
"511","according to recent numbers approximately million u s employees now work from home so how do you create the ",1
"512","i work in the bakery in a midwestern pa grocery chain amp i almost got fucking fired for taking some bagels home that we ",0
"513","supposed to be in a national lockdown but boris says if you can t work from home go to work that s r ",2
"514","mate im working from home dam lmaoooo my mental health is gonna spiral so bad i know dtla is dangerous rn but f ",-2
"515","i m sure everyone in d c is positively giddy over the option to work from home today what a rare treat",1
"516","cambridge road from potomac drive to cambridge road will close for about days beginning wednesday while cont ",0
"517","standard life assurance part of the phoenix group have outdone themselves by introducing the office in a box se ",2
"518","as we still work from home we d like to use one of our interns work space as inspiration because staying organize ",4
"519","work from home   how it started how its going",1
"520","find out more on how standard life assurance overcame the challenge of moving staff to work from home using ",2
"521","the future of the legal work is from home i find it very cool",2
"522","i ll not be home from work till pm uk time",1
"523","people so fuckin inconsiderate when you work from home",0
"524","lots of stimulus material in this article for for  ",0
"525","standard life assurance part of the phoenix group use ud pockets as a workplace recovery solution enabling ",2
"526","hahaha yeah of course people who have places of work need to go      but people who can comfortably work fro ",3
"527","i have i went on holiday twice last year i work from home so i understand what it s lik ",1
"528","just got home from work how s your afternoon",1
"529","year old on minimum wage eh   they d have to work for hours years to pay for th ",1
"530","i got almost hit by a truck and a semi today on my way home from work if that isn t an indicator of the day",1
"531","first thing i do when i get home from work is get out them damn uniform clothes then take me a hot bath roll me  ",1
"532","nah i want a color change i ll ask about it later when i m home from work",1
"533","if you plan on doing anything productive when you get home from work please avoid the couch",2
"534","to clarify not talking about a full service station i mean like i don t want to even drive to a gas station and i ",1
"535","why does every work from home company not train their employees then throw them on phone calls i ve seen like di ",2
"536","when you get home from work and there s a nice piece of the bleezy left over",2
"537","work from home for wayfair   inside sales agents computer provided",1
"538","she literally says  if i was in england i could be doing workouts for people outside             so she could work from ",1
"539","first night checked the internet site of the theatre here after work went in days later on ",1
"540","just got home from work take some time for you put your feet up crack a cold one and relax to the soothing sounds of e ",-1
"541","while working remotely it s also important to maintain a work life balance   these organization and wellness tips fo ",2
"542","my neighbor decided right now is an excellent time to cut down a tree in their side yard right as i am about to lea ",3
"543","no i don t mean that at all i m referring to the people who do make their income from instagram who are s ",0
"544","listen mate its not my fault there s a global pandemic worldwide i do ",-1
"545","i appreciate it i come home from work and immediately start looking for content",2
"546","hands up if you re doing more homeschooling work from home than your kids  dad and they could do more",1
"547","in some hospital systems around minnesota some employees who worked from home have been vaccinated if their work i ",2
"548","doing more work on becoming a td from my own home trying to get my stream to run smoothly than i did in the entire ",2
"549","package thieves and creeps must be out their damn mind stalking my apartment i work from home i m always home  ",-1
"550","crazy that as soon as i get home from work i m immediately drunk and high and asleep",-1
"551","it s weird because i m working from home and only moving next door so i m doing a ton of work in a very ",0
"552","working from home is great but my kids truly don t give a shit that i be a work",1
"553","how the hell did i have a bad day at work when i work from home i can literally close my laptop",0
"554","breaking the chicago teachers union has told its members to work from home tomorrow and prepare for a strike thurs ",-1
"555","i work from home i was really hoping for by april",1
"556","toucan after coming back home from work da fuck",0
"557","working from home amp looking after a toddler is tough feeling like i can never give addie my full attention amp worry ",1
"558","after i come home from michaels ima work on my ace sketch",1
"559","yep some good stats today showing that the impact of the virus is heavier on lower p ",0
"560","hey fedex why are your drivers faking signatures on our packages i gave instructions to have this p ",0
"561","my employer was ahead of the gov and could see that the pandemic was growing in early feb  ",0
"562","i had a lot of free time this year and spent it editing lots of unreleased work from the past as i plan for my futu ",2
"563","listen i never tweet but i have to respond i work at a nursing home and i see residents die everyday f ",0
"564","its almost pm amp my gf in adorable home hasnt come back from work    where r u mikasa",2
"565","what like bouncers waitresses personal trainers didn t really thin ",1
"566","we are living in a fucking pandemic we are not working from home we were forced to bring our work home with little to ",0
"567","i ve taken two naps since got home from work and it has messed me up just living out the day half asleep",0
"568","surprisingly resilient they miss friends and sports but are managing virtual learning my one with ad ",0
"569","i came home and found a package from when i got home from work i love this mug so much   love yo ",3
"570","when you re working hrs a week like i am tuesday nights normally feel ",1
"571","quit catering to the neighborhoods not following guidelines to begin with and now go put more in sit ",0
"572","not just banking the gloom period is especially depressing sapping productivity get your ass outside and walk a spell    ",-2
"573","omd can you smell that mom ran over a skunk already dead on her way home from work and now the car smells gl ",-2
"574","man i just want someone or something to be happy to see me come home from work lol",2
"575","i was listening to them on my way home from work i had to turn it off bulldog ",1
"576","soon as he get home from work he be on me like white on rice    ",2
"577","of execs agree that the pandemic and work from home mandates have increased the need for employees to have a working k ",1
"578","how did you spend the extra time you may have had today not being stuck at work or stuck in a lengthy commute",-2
"579","i hate pants covid world allows me to wear them all the time since i work from home go on walks exer ",0
"580","meanwhile community spread above all in workplaces is the primary source of spread what ab ",0
"581","me driving home from work just vibin living my best life   my brain   and now we will review a few of your most ",2
"582","im home from work and i present clingy doggo",1
"583","ok but credit scores are complete scams   why should someone s credit score prevent someone from securing a home ",-1
"584","apparently nurses wear compression socks for their shifts and honestly i think teachers should too been coming hom ",0
"585","my brother came home from work with heavy cream and said  you know what to do  ",1
"586","imagine if we were all lucky enough to work from home",3
"587","i think you ll find that most as you put it can ",0
"588","hey i came home from work they are doing some construction look what i got marked in front of my house is this lucky or an om ",2
"589","since i finally got into this century and bought the k tv i get the cap emails regularly i work ",1
"590","some fantastic examples of home learning from our talented pupils in c working on balance amp control      and b consid ",2
"591","we all have covid right now despite being virtual husband likely caught it from work but my girl ",2
"592","at work triaging one of my patients who happens to be a doctor he then offers me a job to work with him a job tha ",2
"593","it took me hours to get home from work from dc to germantown then i had to walk two miles in the snow when the bu ",1
"594","great spot from as well on pepe s work to win leno s long kicks seven headers won success rate it w ",6
"595","finally home from work time to workout then get ready for my therapy session    i m so excited to talk to my therapist",3
"596","my work from home job is starting to grow on me",1
"597","these women aren t working from home they re living from work",1
"598","hey i came home from work they are doing some construction look what i got marked in front of my house is this luck ",2
"599","working from home   me holy fuck i m stressed out  me smokes weed and chills          two hours passes without an ",-1
"600","businesses and public sector organisations are joining a government scheme to test workers without symptoms who canno ",-1
"601","my work from home view i keep wondering what we would have done in it without linux who s working late today my work ",2
"602","i have been exposed to three covid positive co workers since december but was not allowed to work from home",2
"603","if you work from home i hope you re in meetings from am to pm",1
"604","the reason you get home from work and cant bring yourself to do anything you need to do is because you are exhauste ",1
"605","i m so much happier and more productive working from home anyone else feel like office work just isn t right for them",5
"606","i can t believe all this is even ruining one of the real joys of work from home which is no meetings",0
"607","this woman is one of the biggest ole in the whole matter  if you need a work from home read the thre ",1
"608","are any of these positions work from home    do temporary workers receive any health care benefits",2
"609","came home from work and my daughter just got done making herself mac n cheese   ",1
"610","thanks cheeky shot on way home from work whilst waiting for green  man ",1
"611","i went in last monday i probably get more done at home and work longer hours i do like the fact ",2
"612","rt privacy teams helped navigate the pivot to work from home",2
"613","bro fuck this is a low blow       me driving home from work let s make some dubstep me walking in the door    bed   ",-1
"614","i come home from work thinking of shit i forgot to do while at work when does this shittt end",1
"615","failing to reach an agreement with chicago public schools over reopening conditions this week the chicago teachers ",-1
"616","working from home during a pandemic has been a particularly different experience for some as a lot of people are w ",0
"617","wait a damn minute newsom removed essential workers from the vax priority list i don t wanna be bumped ahead f ",-2
"618","we think there are some work from home essentials that make working remotely easier    the team has c ",2
"619","man i am not looking forward to actually having to go to an office to work i know it s hopefully a few months aw ",1
"620","utter tossers bet the bosses will just work from home",1
"621","not gonna lie this thought has crept into my mind knowing that i can work from anywhere in my current job i like ",0
"622","dear pals today i m helping my mum work from home    and i think you will all agree i m doing a really good job     paw wa ",3
"623","while working remotely it s also important to maintain a work life balance   these organization and wellness tips ",2
"624","we think there are some work from home essentials that make working remotely easier    the team ha ",2
"625","i went thru us customs to come home from a work trip in vancouver agents asked me if i d been to china re ",1
"626","a member of my household has to go to work outside the house what precautions are needed   you should take extra pr ",1
"627","omg my kids are at school i can work from home in peace what s on netflix",2
"628","same as you guys pretty much lucky to be in work can t work from home but really missing some spa ",4
"629","can someone tell me how to wake up early when i get home from work at midnight and sleep at am",1
"630","gta real estate   where you can flip a home in months and make k   why even work the message from ottawa is clear  ",2
"631","because presumably these were matched control group meaning they were under the same restrict ",-1
"632","not doing well  left work early with a bad migraine attack which i never do but this one is bad if i stayed the ",-1
"633","lmao i have to drive home from work so i promise to be back with all replies i owe soon d",2
"634","i hope it all works out for ya im good home from work and my hs vinyl arrived and it s looks so beau ",3
"635","those most likely to be employed in essential work those who were needed for critical functions throughout the pan ",-1
"636","let s not normalize the idea that because people are working from home kids are in school that snow days etc are un ",0
"637","required to work from home even for a day since apr claim a year s tax relief rebate worth or take ",3
"638","surely not i gather from twitter that we are all sitting at home on our arses using the unions to prevent us havin ",0
"639","they can work from home",1
"640","australian government forced this by law if you can work from home you must work from home",2
"641","can t we also at least work from home for one day bethunana",1
"642","finally home from work selenaaaaaaa",1
"643","watching the night stalker on netflix and wondering where these serial killers get the energy to do it when i get home ",0
"644","we ve had problems with our broadband for months but within the last weeks our internet drops out for ",-1
"645","working on manifesting a life that allows me to work from home create my own schedule raise my son and flex a b ",1
"646","hey everyone i just got home from work how are y all doing   ",1
"647","there s people who literally have not stopped working since the pandemic started maybe if they were sick they stopped going ",-1
"648","i love living in but with evolving technologies and work from home requirements it s almost geog ",2
"649","cw food  my mum brought garlic bread home from work but it was cheesy  ",0
"650","good thing today receiving and sending some end january happy new year wishes better late than never also i ",3
"651","late day getting home from work and therapy followed by snow blowing is it crew change day yet   ",1
"652","it s also indisputable that at home virtual instruction sucks ass compared to in school  ",-1
"653"," i remember biking home from work months ago and hearing people cheering and clanging their pots and pans that meant a ",1
"654","we should be giving vaccine starting and working up as well as from top to bottom ",2
"655","atomise humans by getting people to work from home until deep state replace humans with robots slightly smiling fa ",2
"656","so very grateful to be a symptomatic with my positive covid test on the th jan but more grateful for the borrowi ",3
"657","money magazine has ranked reston as the top place to live in the united states if you work from home",2
"658","imagine going home late from work and batman comes and breaks both your legs",0
"659","couldn t agree more tiphannie i work at the hospital in the uk and its grim right now my son is home f ",1
"660","flirting a bit with the cute girl at work but it s a work from home gig so she lives in fookin  iowa     ",3
"661","everyone in the world i don t wanna go into lockdown  us nz folks let s go into lockdown i wanna go back in an ",0
"662","just got home from a long day at work tired af",0
"663","this doesn t really hold up i don t think more people shopping from home probably increases use of ",0
"664","lots of new work from contributor   in",1
"665","work from home until the end of the week lesgo",1
"666","i can always count on my mom for a good vent session when she drives home from work",1
"667","only january and i already took days leave days ccl day mc  see the benefits of being able to work from home and not",2
"668","what the actual fuc don t go out then eat out too help out stay at home but don t stay at h ",0
"669","the ace world because life is meant to be aced some anecdotes again",0
"670","you are darn right i sang along with wonderwall you just played on while driving home ",1
"671","i got all the way home from work walk tube train to find a large bulldog clip attached to the back of ",1
"672","can you work from home",1
"673","found out today that i am a wuss and my cats are useless pets came home from work and a bird got in the house  ",0
"674","we working from home so isolation won t work now they know what date he wanted too and my husban ",1
"675","actually heading home from work a lil early because the snow makes me anxious   approach for sessions dick rates a ",-1
"676","im honestly losing my mind in lockdown just everyday wake up work from home sleep everything is blurring into o ",-1
"677","your job hrs commute from home to office  my job sec to open phone and login to work",1
"678","i miss when we used gather around at the office and wish for snow days aka work from home the next day now we re j ",0
"679","and that we should pay for the opportunity to work from home",1
"680","i guess i m a little lucky in some respect as i work from home and have done prior to covid but i h ",3
"681","i ve never been one to sit still and work from home has eliminated walking between meetings so i adopted a treadmill desk  ",1
"682","somehow in the middle of a pandemic toptica managed to ship me the first laser for my new experiment really excited to ",1
"683","when doing taxes are we allowed to claim all household bills back as we all work from home now",1
"684","the way i m about to drive mph home from work right now",2
"685","on my way home from work the past two days i have seen an armadillo in the same spot just doing armadillo stuff i feel very blessed",1
"686","i can never have a peaceful drive home from work always something stupid happening on reisterstown rd or construction around my job   ",1
"687","absolutely not i don t know about you but i m much more likely to feel for those who work from home",1
"688","lord i just wanna work from home       ",1
"689","i m sure i ll be in the minority here but i think it would be a good idea to vaccinate all the mps as a priority  ",1
"690","if you work at a large company and have made enemies with coworkers u thought u were cool with since working from h ",1
"691","i once got a dig from someone when i complained about taking public transport to work amid the nose  ",0
"692","what s suspicious about wanting to spend more time with your family during a lockdown where he can work from home",0
"693","looking for activities to do after work bingo is the event for you participate in monthly bingo nights from the c ",1
"694","well pick up my shift it s work from home",2
"695","working from home became necessary for many employees during the especially in a check out ",0
"696","msft      shares surge to new high on work from home revenue boost",2
"697","from the outside and with most office staff in a position to work from home and less office space need ",1
"698","martyn and his amazing ability to see alternative timelines up unt ",1
"699","i m a teaching assistant ks amp once got home from work felt something quite large in my hair  ",1
"700","start my nd job tomorrow   ima be tired asf but it s a work from home",0
"701","so we re just going to work from home forever",1
"702","why is it that we are all supposed to be working from home you appear reporting many evenings outside we ",0
"703","errrrr grandmother here working from homer full time and home school while son and ex ",0
"704","peak work from home procrastination those blinds aren t going to dust themselves",-1
"705","a couple of the tips outlined in this article by move work to when yo ",1
"706","sana all work from home hahaha",1
"707","but what about the supermarket workers who can t work from home and have to put up with people refusing t ",0
"708","when i get home from work i m going to give this one a read it should be great",2
"709","i don t even think the problem is people choosing to fly out to dubai and get away anymore the real problem is tha ",-2
"710","excited to start work on our new local project with historic images from our home village  ",2
"711","thanks pat grateful i m retired so i can care for her during day hubby takes over when he gets home from ",1
"712","once i get home from work",1
"713","i enjoy words with friends project makeover is fun we are getting freezing rain and snow here in u ",1
"714","coming home from work to a bunch of packages is the best feeling",2
"715","may need to work from home tomorrow   oh right",2
"716","im not even home from work yet and im already feral wiksyxhebrhdj",1
"717","not this big ass crash at the intersection when i m almost home from work",0
"718","once i get home from work i will supply more wedge pics",0
"719","i got appointment to get my car fully checked out tomorrow at am just gotta get home safe tonight from work   ",2
"720","every school does what is best for their families and their children once everyone ",1
"721","the voice to text thing was somehow left on and transcribed me in a text message pretty perfectly captures my work ",3
"722","i work from home i m an essential lover   ",2
"723","hi guys do you work from home i sell tables suitable for your work station  the office table is ft by ft by in with ",3
"724","the top work from home challenges  the most surprising statistic to you may be that on average people who work from home a ",3
"725","i have to go into uni tomorrow and it s so fucking dumb like scotland is literally in lockdown and you want me to c ",-1
"726","on my off days i can get called at any time of the day since our lab works mfs got me up at am in bed tryin ",1
"727","first time coming home from work and not going straight to sleep    i m fighting sleep too",1
"728","satya nadella is reported to have aptly called current state of microsoft s market as second phase of digital tran ",0
"729","when you get home from work and your cat wants to hold your hand                           ",1
"730","asked to work from home the next two days i may only be miles from work but that can be a harrowin ",2
"731","recently it s am because i do school and work from home so i don t need to leave my ",1
"732","announcing listen to this audio plays   over the next few months we ll be releasing four plays for you to enjoy from ho ",1
"733","i would do anything if i could set foot into a building or office this work from home crap is getting old i need ",0
"734","work from home data entry operator and typists vacancies for students and fresher",2
"735","right how is so far behin ",1
"736","the way gas prices are climbing whew i work from home so y all be easy",2
"737","this is shocking not following govt s own advice to work from home inevitable results of mass infection https  ",-2
"738","we all were not allowed to do ho i immediately asked for it when the government decreed i tried for ",0
"739","got my new tires put on their rims and installed them on my truck just fyi don t allow your spare tire to blowout ",0
"740","work from home attire",1
"741","too bad more couldn t work from home",0
"742","your job work from home my job no work from home tambay   ",2
"743","when i got home from work it was off idky i immediately thought someone died lol the blind is closed now too",-1
"744","this is what my work desk crafting desk looks like by day i m a high school english teacher teachi ",2
"745","said exactly same thing would never have seen triple figures people would have been c ",0
"746","was driving home from work listening to kraftwerk and singing about a weird obsession with calculators when i cau ",1
"747","i never get tired until i have to drive home from work amp sit in all the traffic every single day",0
"748","me everyday now that i work from home",1
"749","my work schedules meetings between tomorrow and monday  my work we ll be flexible if people want to work from ",4
"750","having a home to work from",1
"751","i lived in vancouver for a bit  the levels of domestic violence were like no ",1
"752","not sure if my makeup is going to survive the transition from work to home for my zoom author program with ",1
"753","no one is going back to offices or work places for the next plus years trust me on that  ",2
"754","i told my second gentleman to stop at the grocery store and pick up a rotisserie chicken on his way home from work  ",1
"755","for many people was a rough year but is well it s here while juggling work home and everything in betw ",1
"756","capitalism has me fearing i ll get fired for my internet consistently going out today while we work from home during the ",2
"757","my mom really looked at me and asked if i just woke up from sleeping i just got back home from work mother",1
"758","i swear my schedule so busy working hours at my job real estate and taxes pop up shops friends family and trying ",0
"759","just got home from work am i to late for psd   ",1
"760","i m trying to keep my new work from home while your multi million dollar corp has nothing but outages this ",1
"761","yup going into year of my home looking by fall hopefully to put back on market  ",-1
"762","oh dear i was so happy that i don t have to wake up so early due to work from home",2
"763","something for your commute home or your move from one end of the couch to the other if you work from home the l ",1
